7;--:--;0:00:00;11:22:00;11:22:08;11:59:59;187;11:24:27;186;11:26:04;177;11:27:55;174;11:30:55;175;11:34:17;176;11:37:58;182;11:42:23;163;11:47:28;184;11:51:31;185;11:52:04;161;11:56:01;162;11:57:42;190;11:58:54
57;--:--;0:00:00;12:32:34;12:33:34;13:12:11;187;12:34:55;186;12:35:47;177;12:36:29;174;12:37:33;174;12:46:12;175;12:47:53;176;12:49:01;182;12:52:52;163;12:55:14;184;12:56:06;185;12:56:20;161;13:06:02;162;13:11:01;190;13:11:55
24;--:--;0:00:00;12:26:37;12:26:43;12:58:37;162;12:27:11;164;12:28:12;165;12:29:28;166;12:30:33;167;12:33:05;168;12:36:21;169;12:37:29;170;12:38:34;171;12:40:29;172;12:40:47;173;12:41:07;174;12:42:29;175;12:43:25;176;12:44:56;177;12:46:26;178;12:47:21;179;12:49:24;180;12:50:38;181;12:51:29;182;12:52:15;183;12:53:34;184;12:54:10;185;12:54:21;186;12:55:35;187;12:55:58;188;12:56:45;189;12:57:39;190;12:58:21
4;--:--;0:00:00;11:16:07;11:16:12;11:31:41;187;11:17:10;186;11:17:59;177;11:18:46;174;11:20:04;175;11:22:25;176;11:23:47;182;11:25:27;163;11:27:19;184;11:27:56;185;11:28:12;161;11:30:33;162;11:30:54;190;11:31:27
19;--:--;0:00:00;11:33:44;11:35:29;12:05:20;162;11:35:51;164;11:36:47;165;11:38:14;166;11:39:15;167;11:41:20;168;11:44:11;169;11:45:17;170;11:46:42;171;11:48:51;172;11:49:13;173;11:49:32;174;11:51:02;175;11:51:59;176;11:53:08;177;11:54:30;178;11:54:50;179;11:56:35;180;11:57:45;181;11:58:40;182;11:59:28;183;12:00:29;184;12:01:06;185;12:01:17;186;12:02:16;187;12:02:46;188;12:03:35;189;12:04:30;190;12:05:09
59;--:--;12:46:59;12:46:59;12:47:04;13:18:52;162;12:47:30;164;12:48:25;165;12:49:41;166;12:50:36;167;12:52:27;168;12:55:34;169;12:56:44;170;12:57:51;171;13:00:19;172;13:00:37;173;13:00:57;174;13:02:28;175;13:03:26;176;13:04:38;177;13:06:13;178;13:06:36;179;13:08:46;180;13:10:11;181;13:11:04;182;13:11:49;183;13:13:21;184;13:13:58;185;13:14:09;186;13:15:23;187;13:15:43;188;13:16:37;189;13:17:38;190;13:18:35
39;--:--;0:00:00;11:46:55;11:47:30;12:19:25;162;11:47:53;164;11:48:57;165;11:49:55;166;11:51:08;167;11:53:04;168;11:56:41;169;11:57:41;170;11:58:36;171;12:00:27;172;12:00:38;173;12:00:57;174;12:02:18;175;12:03:23;176;12:04:24;177;12:05:51;163;12:06:19;179;12:08:17;180;12:09:52;181;12:12:17;182;12:12:50;183;12:14:04;184;12:14:37;185;12:14:46;186;12:16:07;187;12:16:40;188;12:17:30;189;12:18:27;190;12:19:12
52;--:--;0:00:00;12:06:03;12:06:15;13:01:05;162;12:06:54;164;12:08:27;165;12:10:07;166;12:11:58;167;12:14:50;168;12:18:51;169;12:22:23;170;12:24:26;171;12:26:55;172;12:27:25;173;12:27:58;174;12:31:16;175;12:35:08;176;12:36:33;177;12:38:37;178;12:39:36;179;12:42:44;180;12:45:51;181;12:50:33;182;12:51:34;183;12:53:59;184;12:54:55;185;12:55:09;186;12:57:07;187;12:58:02;188;12:59:02;189;12:59:46;190;13:00:45
6;--:--;0:00:00;11:18:01;11:18:59;12:09:40;162;11:19:32;164;11:21:30;165;11:23:19;166;11:25:28;167;11:28:44;168;11:34:02;169;11:35:48;170;11:37:36;171;11:40:45;172;11:41:09;173;11:41:45;174;11:44:01;175;11:45:21;176;11:47:09;177;11:49:43;178;11:51:38;179;11:54:59;180;11:57:47;181;11:58:55;182;12:00:05;183;12:01:58;184;12:02:47;185;12:03:08;186;12:04:50;187;12:05:22;188;12:06:42;189;12:08:03;190;12:09:17
8;--:--;0:00:00;11:10:57;11:11:46;11:58:16;162;11:12:35;164;11:13:34;165;11:15:07;166;11:16:56;167;11:19:04;168;11:24:40;169;11:26:09;170;11:27:43;171;11:30:28;172;11:31:20;173;11:31:41;174;11:33:16;175;11:34:19;176;11:35:28;177;11:37:25;163;11:37:49;179;11:40:21;180;11:41:59;181;11:46:54;182;11:48:03;183;11:50:18;185;11:51:11;184;11:51:54;186;11:54:18;187;11:54:49;188;11:55:42;189;11:57:05;190;11:58:00
37;--:--;0:00:00;11:58:44;11:59:47;12:37:41;162;12:00:20;164;12:01:20;165;12:02:31;166;12:04:08;167;12:06:33;168;12:12:07;169;12:13:44;170;12:15:33;171;12:17:32;172;12:17:51;173;12:18:11;174;12:19:40;175;12:20:42;176;12:22:05;177;12:23:51;178;12:24:22;179;12:27:00;180;12:28:27;181;12:29:21;182;12:31:40;183;12:32:49;184;12:33:16;185;12:33:50;186;12:34:56;187;12:35:22;188;12:36:06;189;12:36:36;190;12:37:23
51;--:--;0:00:00;12:06:18;12:07:04;12:41:38;187;12:08:52;186;12:10:26;177;12:11:44;174;12:14:41;175;12:19:09;176;12:22:17;182;12:27:25;163;12:34:02;184;12:35:23;185;12:35:49;161;12:39:03;162;12:40:02;190;12:41:14
29;--:--;0:00:00;11:36:55;11:39:29;12:16:32;162;11:40:01;164;11:40:59;165;11:42:10;166;11:43:32;167;11:46:28;168;11:51:06;169;11:52:41;170;11:53:54;171;11:56:03;172;11:56:20;173;11:56:44;174;11:58:51;175;11:59:55;176;12:01:05;177;12:02:54;178;12:03:27;179;12:06:03;180;12:07:28;181;12:08:31;182;12:09:17;183;12:10:53;184;12:11:26;185;12:11:37;186;12:12:55;187;12:13:25;188;12:14:19;189;12:15:27;190;12:16:19
23;--:--;0:00:00;11:36:42;11:46:51;12:22:18;162;11:47:14;164;11:48:16;165;11:49:58;166;11:51:05;167;11:53:12;168;11:56:43;169;11:57:55;170;11:59:26;171;12:01:32;173;12:01:50;172;12:02:29;173;12:02:48;174;12:04:12;175;12:05:19;176;12:06:42;177;12:08:20;163;12:08:50;178;12:09:40;179;12:11:55;180;12:13:17;181;12:14:27;182;12:15:15;183;12:16:40;184;12:17:17;185;12:17:36;186;12:18:48;187;12:19:11;188;12:20:06;189;12:21:09;190;12:22:04
45;--:--;12:12:10;12:12:12;12:12:18;12:43:50;162;12:12:43;164;12:13:37;165;12:14:48;166;12:17:02;167;12:19:59;168;12:22:53;169;12:23:57;170;12:24:56;171;12:26:37;172;12:26:50;171;12:27:11;173;12:27:41;174;12:29:38;175;12:30:30;176;12:31:27;177;12:32:50;163;12:33:13;179;12:34:47;180;12:36:02;181;12:36:56;182;12:37:34;183;12:38:57;184;12:39:27;185;12:39:37;186;12:40:59;187;12:41:25;188;12:42:14;189;12:42:41;190;12:43:36
28;--:--;0:00:00;11:33:05;11:34:28;12:05:13;162;11:34:59;164;11:36:15;165;11:37:29;166;11:39:09;167;11:41:04;168;11:44:01;169;11:45:05;170;11:46:05;171;11:47:49;172;11:48:02;173;11:48:20;174;11:49:47;175;11:50:38;176;11:51:44;177;11:53:12;163;11:53:40;179;11:55:25;180;11:56:43;181;11:57:33;182;11:58:20;183;12:00:11;184;12:00:46;185;12:00:57;186;12:02:02;187;12:02:24;188;12:03:12;189;12:04:06;190;12:04:59
43;--:--;0:00:00;11:42:59;11:44:00;12:21:08;162;11:44:28;164;11:45:39;165;11:47:14;166;11:49:21;167;11:51:21;168;11:54:36;169;11:56:28;170;11:57:37;171;11:59:41;172;12:00:07;173;12:00:46;174;12:02:21;175;12:03:42;176;12:04:59;177;12:06:32;178;12:07:25;179;12:09:19;180;12:10:38;181;12:11:33;182;12:12:54;183;12:14:13;184;12:14:43;185;12:14:55;186;12:16:10;187;12:16:51;188;12:17:35;189;12:19:52;190;12:20:45
41;--:--;0:00:00;11:39:03;11:42:16;12:12:12;162;11:42:39;164;11:43:27;165;11:44:43;166;11:45:50;167;11:47:36;168;11:50:36;169;11:51:39;170;11:52:38;171;11:54:19;172;11:54:37;173;11:55:00;174;11:56:16;175;11:57:16;176;11:58:13;177;11:59:36;178;11:59:58;179;12:01:49;180;12:02:58;181;12:05:04;182;12:05:43;183;12:06:55;184;12:07:27;185;12:07:42;186;12:08:42;187;12:09:08;188;12:09:54;189;12:11:14;190;12:11:55
33;--:--;0:00:00;11:44:24;11:45:32;12:24:28;162;11:46:04;164;11:47:13;165;11:48:50;166;11:50:16;167;11:53:14;168;11:56:46;169;11:58:00;170;11:59:22;171;12:01:51;172;12:02:23;173;12:02:45;174;12:04:16;175;12:05:26;176;12:06:35;177;12:08:22;163;12:08:51;178;12:09:51;179;12:11:52;180;12:13:21;181;12:14:24;182;12:15:27;183;12:16:52;184;12:17:29;185;12:17:39;186;12:18:54;187;12:19:30;188;12:20:26;189;12:23:06;190;12:24:19
53;--:--;0:00:00;12:07:26;12:08:12;12:37:53;162;12:08:37;164;12:09:36;165;12:10:48;166;12:11:52;167;12:13:51;168;12:16:59;169;12:18:06;170;12:19:04;171;12:20:45;172;12:21:01;173;12:21:19;174;12:22:47;175;12:23:41;176;12:24:39;177;12:26:06;163;12:26:35;179;12:28:16;180;12:29:36;181;12:30:21;182;12:31:39;183;12:32:48;184;12:33:24;185;12:33:36;186;12:34:43;187;12:35:06;188;12:35:58;189;12:36:58;190;12:37:42
16;--:--;0:00:00;11:16:49;11:17:16;11:55:08;187;11:21:17;186;11:22:36;177;11:23:33;174;11:25:11;175;11:38:40;176;11:40:36;182;11:43:30;163;11:46:41;184;11:47:41;185;11:48:07;161;11:52:38;162;11:53:30;190;11:54:17
20;--:--;0:00:00;11:33:39;11:36:33;12:05:19;162;11:36:55;164;11:37:52;165;11:39:03;166;11:40:03;167;11:42:07;168;11:45:04;169;11:46:06;170;11:47:15;171;11:48:53;172;11:49:10;173;11:49:30;174;11:51:00;175;11:51:55;176;11:52:52;177;11:54:13;178;11:54:36;179;11:56:27;180;11:57:41;181;11:58:36;182;11:59:17;183;12:00:26;184;12:00:58;185;12:01:15;186;12:02:14;187;12:02:36;188;12:03:30;189;12:04:17;190;12:05:04
14;--:--;0:00:00;11:34:23;11:37:29;12:14:10;162;11:37:53;164;11:38:57;165;11:40:09;166;11:41:24;167;11:45:44;168;11:49:20;169;11:50:34;170;11:52:02;171;11:53:59;172;11:54:40;173;11:55:09;174;11:56:33;175;11:57:31;176;11:58:43;177;12:00:32;178;12:00:58;179;12:03:43;180;12:05:29;181;12:06:37;182;12:07:26;183;12:08:43;184;12:09:19;185;12:09:32;186;12:10:39;187;12:11:19;188;12:12:15;189;12:13:08;190;12:13:56
5;--:--;0:00:00;11:12:48;11:13:17;11:46:54;162;11:13:40;164;11:14:26;165;11:15:30;166;11:16:41;167;11:18:38;168;11:21:46;169;11:22:59;170;11:24:04;171;11:25:50;172;11:26:01;173;11:26:21;174;11:27:48;175;11:30:21;176;11:31:13;177;11:32:49;178;11:33:10;179;11:35:12;180;11:36:53;181;11:39:31;182;11:40:14;183;11:41:46;184;11:42:20;185;11:42:32;186;11:43:44;187;11:44:07;188;11:44:59;189;11:45:51;190;11:46:38
30;--:--;0:00:00;11:39:05;11:41:16;12:17:59;162;11:41:47;164;11:42:48;165;11:44:24;166;11:45:52;167;11:48:34;168;11:52:16;169;11:53:38;170;11:55:12;171;11:57:30;172;11:57:57;173;11:58:22;174;11:59:57;175;12:01:07;176;12:02:12;177;12:04:12;178;12:04:39;179;12:07:13;180;12:08:48;181;12:09:47;182;12:10:30;183;12:12:26;184;12:13:06;185;12:13:22;186;12:14:49;187;12:15:23;188;12:16:17;189;12:16:55;190;12:17:44
56;--:--;12:33:14;12:33:32;12:35:39;13:00:57;162;12:36:00;164;12:36:43;165;12:37:39;166;12:38:28;167;12:39:55;168;12:42:21;169;12:43:24;170;12:44:12;171;12:45:37;172;12:45:47;173;12:46:03;174;12:47:17;175;12:48:02;176;12:48:52;177;12:50:06;178;12:50:26;179;12:52:08;180;12:53:09;181;12:55:05;182;12:55:45;183;12:56:42;184;12:57:12;185;12:57:21;186;12:58:15;187;12:58:33;188;12:59:17;189;13:00:00;190;13:00:41
60;--:--;0:00:00;12:47:57;12:49:03;13:23:35;162;12:49:26;164;12:50:41;165;12:51:56;166;12:53:11;167;12:55:06;168;12:58:16;169;12:59:29;170;13:00:59;171;13:02:56;172;13:03:10;173;13:03:34;174;13:05:42;175;13:07:07;176;13:08:13;177;13:09:46;178;13:10:10;179;13:12:21;180;13:13:47;181;13:14:40;182;13:17:22;183;13:18:42;184;13:19:17;185;13:19:29;186;13:20:48;187;13:21:08;188;13:22:01;189;13:22:30;190;13:23:21
9;--:--;0:00:00;11:10:14;11:10:29;12:13:23;162;11:11:19;164;11:13:15;165;11:15:13;166;11:16:53;167;11:20:17;168;11:26:35;169;11:29:13;170;11:32:11;171;11:36:25;172;11:37:11;173;11:37:49;174;11:40:26;175;11:42:02;176;11:44:35;177;11:47:59;163;11:48:35;179;11:53:46;180;11:56:59;181;11:59:05;182;12:00:41;183;12:03:39;184;12:04:33;185;12:04:53;186;12:07:34;187;12:08:25;188;12:09:44;189;12:11:07;190;12:12:48
46;--:--;0:00:00;11:49:16;11:51:29;13:21:32;162;11:52:27;164;11:54:35;165;11:58:13;166;12:01:53;167;12:09:29;168;12:17:49;169;12:24:09;170;12:27:23;171;12:33:22;172;12:34:06;173;12:35:13;174;12:39:20;175;12:41:51;176;12:44:46;177;12:48:37;178;12:49:50;179;12:55:20;180;12:59:00;181;13:01:27;182;13:03:41;183;13:07:02;184;13:08:34;185;13:09:01;186;13:12:26;187;13:13:25;188;13:15:54;189;13:18:30;190;13:20:36
2;--:--;0:00:00;11:14:44;11:15:59;12:10:04;162;11:16:33;164;11:18:02;165;11:19:45;166;11:21:38;167;11:24:06;168;11:28:51;169;11:32:19;170;11:34:11;171;11:36:41;172;11:37:13;173;11:37:56;174;11:40:14;175;11:41:29;176;11:42:51;177;11:44:59;178;11:45:42;179;11:48:31;180;11:58:37;181;11:59:49;182;12:00:47;183;12:02:35;185;12:03:32;184;12:04:00;185;12:04:12;186;12:06:00;187;12:06:36;188;12:07:47;189;12:08:32;190;12:09:44
32;--:--;0:00:00;11:44:33;11:46:19;12:20:36;162;11:46:44;164;11:47:39;165;11:48:58;166;11:50:22;167;11:52:25;168;11:55:44;169;11:57:04;170;11:58:30;171;12:00:41;172;12:01:11;173;12:01:34;174;12:03:00;175;12:03:58;176;12:05:06;177;12:06:30;178;12:07:39;179;12:09:39;180;12:10:59;181;12:11:48;182;12:12:56;183;12:14:10;184;12:14:41;185;12:14:51;186;12:16:13;187;12:16:41;188;12:17:33;189;12:19:31;190;12:20:21
15;--:--;0:00:00;11:18:19;11:18:26;11:55:13;187;11:21:23;186;11:22:49;177;11:24:03;174;11:25:31;175;11:31:49;176;11:34:13;182;11:44:06;163;11:46:39;184;11:47:53;185;11:48:28;161;11:52:47;162;11:53:34;190;11:54:29
44;--:--;0:00:00;11:43:30;11:44:46;12:37:57;162;11:45:37;164;11:47:28;165;11:49:30;166;11:51:38;167;11:54:45;168;11:59:54;169;12:02:02;170;12:03:40;171;12:08:24;172;12:09:04;173;12:09:47;174;12:11:47;175;12:13:17;176;12:15:02;177;12:17:22;163;12:18:07;179;12:21:26;180;12:23:18;181;12:24:40;182;12:25:53;183;12:28:44;184;12:29:31;185;12:29:49;187;12:31:07;186;12:32:50;188;12:34:37;189;12:36:33;190;12:37:32
21;--:--;11:24:56;11:24:58;11:25:37;11:52:29;162;11:25:57;164;11:26:46;165;11:27:39;166;11:28:27;167;11:29:56;168;11:32:19;169;11:33:12;170;11:34:05;171;11:35:28;172;11:35:39;173;11:36:00;174;11:37:07;175;11:38:02;176;11:38:53;177;11:40:02;178;11:40:58;179;11:42:33;180;11:43:35;181;11:45:28;182;11:46:04;183;11:47:42;184;11:48:11;185;11:48:20;186;11:49:17;187;11:49:40;188;11:50:19;189;11:51:34;190;11:52:16
13;--:--;0:00:00;11:13:27;11:15:28;11:58:07;162;11:15:52;164;11:16:48;165;11:18:19;166;11:19:56;167;11:22:12;168;11:25:47;169;11:27:04;170;11:28:46;171;11:30:45;172;11:31:06;173;11:31:29;174;11:33:24;175;11:34:26;176;11:35:32;177;11:37:10;163;11:37:53;179;11:40:09;180;11:42:11;181;11:45:53;182;11:49:29;183;11:51:38;184;11:52:21;185;11:52:35;186;11:54:21;187;11:54:51;188;11:55:44;189;11:56:56;190;11:57:49
50;--:--;0:00:00;11:51:24;11:53:05;12:38:02;162;11:53:41;164;11:55:09;165;11:57:01;166;11:58:46;167;12:01:54;168;12:06:22;169;12:08:44;170;12:10:22;171;12:13:01;172;12:13:44;173;12:14:12;174;12:16:27;175;12:17:47;176;12:19:21;177;12:21:24;163;12:21:56;179;12:24:19;180;12:26:31;181;12:27:44;182;12:29:03;183;12:31:22;184;12:32:04;185;12:32:22;186;12:34:06;187;12:34:57;188;12:36:00;189;12:36:41;190;12:37:46
36;--:--;0:00:00;11:51:30;11:52:19;12:32:48;162;11:52:42;164;11:53:30;165;11:55:08;166;11:56:24;167;11:58:43;168;12:02:52;169;12:04:13;170;12:05:42;171;12:11:21;172;12:11:37;173;12:11:56;174;12:13:33;175;12:14:40;176;12:15:53;177;12:18:34;178;12:19:00;179;12:21:33;180;12:23:04;181;12:24:09;182;12:25:00;183;12:26:51;184;12:27:30;185;12:27:53;186;12:29:16;187;12:29:46;188;12:30:50;189;12:31:39;190;12:32:35
48;--:--;0:00:00;11:50:00;11:50:03;12:24:16;162;11:50:30;164;11:51:32;165;11:52:53;166;11:53:58;167;11:56:07;168;11:59:16;169;12:00:22;170;12:01:27;171;12:03:29;172;12:03:43;173;12:04:02;174;12:05:27;175;12:06:17;176;12:07:20;177;12:08:49;178;12:09:50;179;12:11:41;180;12:13:11;181;12:16:18;182;12:16:58;183;12:18:12;184;12:18:45;185;12:18:59;186;12:20:05;187;12:20:27;188;12:21:18;189;12:23:25;190;12:24:04
25;--:--;0:00:00;12:22:42;12:23:08;12:48:06;162;12:23:32;164;12:24:09;165;12:25:04;166;12:25:56;167;12:27:26;168;12:29:57;169;12:30:51;170;12:31:36;171;12:33:02;172;12:33:15;173;12:33:31;174;12:34:39;175;12:35:19;176;12:36:13;177;12:37:27;178;12:37:45;179;12:39:23;180;12:40:31;181;12:42:29;182;12:43:07;183;12:44:06;184;12:44:34;185;12:44:45;186;12:45:39;187;12:45:59;188;12:46:37;189;12:47:18;190;12:47:54
40;--:--;0:00:00;11:48:14;11:49:01;12:30:53;162;11:49:28;164;11:50:26;165;11:52:01;166;11:53:54;167;11:55:48;168;11:59:25;169;12:01:49;170;12:04:00;171;12:06:43;172;12:06:59;173;12:07:26;174;12:08:53;175;12:09:49;176;12:10:52;177;12:12:44;178;12:13:10;179;12:15:14;180;12:16:50;181;12:17:51;182;12:21:01;183;12:23:54;184;12:24:15;185;12:24:34;186;12:25:37;187;12:26:00;188;12:26:52;189;12:28:40;190;12:30:42
55;--:--;0:00:00;12:36:54;12:36:58;13:12:01;162;12:37:25;164;12:38:36;165;12:40:48;166;12:42:15;167;12:44:59;168;12:48:19;169;12:49:29;170;12:50:41;171;12:53:02;172;12:53:17;173;12:53:47;174;12:55:16;175;12:56:58;176;12:58:09;177;12:59:45;163;13:00:17;179;13:02:21;180;13:03:57;181;13:04:49;182;13:05:37;183;13:06:55;184;13:07:28;185;13:07:43;186;13:09:05;187;13:09:30;188;13:10:22;189;13:10:56;190;13:11:46
3;--:--;0:00:00;11:31:33;11:31:41;12:17:34;162;11:33:08;164;11:34:31;165;11:36:02;166;11:37:16;167;11:40:16;168;11:44:08;169;11:45:27;170;11:46:51;171;11:48:59;172;11:49:22;173;11:50:03;174;11:51:40;175;11:52:41;176;11:54:10;177;11:56:07;163;11:56:59;179;12:03:49;180;12:05:27;181;12:06:35;182;12:07:33;183;12:08:59;184;12:09:46;185;12:10:05;186;12:12:32;187;12:13:04;188;12:14:13;189;12:16:13;190;12:17:08
12;--:--;0:00:00;11:12:56;11:14:29;11:48:56;162;11:14:57;164;11:15:53;165;11:17:06;166;11:18:27;167;11:22:19;168;11:25:22;169;11:26:30;170;11:27:28;171;11:29:11;172;11:29:26;173;11:29:48;174;11:31:20;175;11:32:15;176;11:33:23;177;11:34:54;178;11:35:17;179;11:37:22;180;11:38:37;181;11:41:16;182;11:41:58;183;11:43:15;184;11:43:48;185;11:43:59;186;11:45:21;187;11:45:50;188;11:47:15;189;11:47:48;190;11:48:40
34;--:--;0:00:00;11:38:30;11:40:27;12:08:56;162;11:40:45;164;11:41:25;165;11:42:29;166;11:43:27;167;11:45:21;168;11:48:08;169;11:49:10;170;11:50:06;171;11:51:56;172;11:52:09;173;11:52:29;174;11:53:52;175;11:54:50;176;11:55:52;177;11:57:13;178;11:58:33;179;12:00:26;180;12:01:42;181;12:02:30;182;12:03:10;183;12:04:15;184;12:04:45;185;12:04:58;186;12:05:58;187;12:06:19;188;12:07:08;189;12:07:59;190;12:08:42
1;--:--;0:00:00;11:58:28;11:58:37;12:28:20;162;11:59:00;164;11:59:51;165;12:01:00;166;12:02:00;167;12:04:04;168;12:07:19;169;12:08:30;170;12:09:42;171;12:11:25;172;12:11:42;173;12:11:59;174;12:13:21;175;12:14:15;176;12:15:13;177;12:16:55;178;12:17:16;179;12:19:24;180;12:20:51;181;12:21:43;182;12:22:35;183;12:23:51;184;12:24:21;185;12:24:31;186;12:25:34;187;12:25:57;188;12:26:49;189;12:27:28;190;12:28:07
22;--:--;0:00:00;11:36:58;11:38:42;12:01:53;162;11:39:02;164;11:39:41;165;11:40:33;166;11:41:18;167;11:42:41;168;11:45:07;169;11:45:59;170;11:46:46;171;11:48:09;172;11:48:20;173;11:48:35;174;11:49:54;175;11:50:34;176;11:51:17;177;11:52:22;178;11:52:42;179;11:54:10;180;11:55:05;181;11:55:56;182;11:56:29;183;11:58:01;184;11:58:28;185;11:58:44;186;11:59:39;187;11:59:56;188;12:00:34;189;12:01:07;190;12:01:40
35;--:--;0:00:00;11:32:54;11:33:16;12:09:02;162;11:33:38;164;11:34:25;165;11:35:36;166;11:37:05;167;11:38:54;168;11:42:28;169;11:43:36;170;11:45:13;171;11:47:34;173;11:47:54;174;11:50:00;175;11:50:57;176;11:52:00;177;11:53:46;178;11:54:11;179;11:56:17;180;11:57:40;181;12:00:21;182;12:01:13;183;12:02:31;184;12:03:05;185;12:03:17;186;12:04:23;187;12:04:49;188;12:05:45;189;12:07:53;190;12:08:46
17;--:--;0:00:00;11:16:18;11:17:56;11:55:08;162;11:18:23;164;11:19:34;165;11:20:49;166;11:21:50;167;11:23:47;168;11:27:02;169;11:28:27;170;11:29:26;171;11:31:27;172;11:31:45;173;11:32:04;174;11:33:36;175;11:34:33;176;11:35:29;163;11:36:58;177;11:37:26;178;11:38:32;179;11:40:31;180;11:41:44;181;11:44:50;182;11:47:20;183;11:49:00;184;11:49:37;185;11:49:54;186;11:51:10;187;11:51:43;188;11:52:35;189;11:54:07;190;11:54:53
38;--:--;0:00:00;11:49:55;11:50:42;12:37:44;162;11:51:05;164;11:52:23;165;11:53:55;166;11:56:36;167;11:59:02;168;12:02:46;169;12:04:02;170;12:05:32;171;12:10:39;172;12:11:03;173;12:11:32;174;12:13:23;175;12:14:22;176;12:15:59;177;12:18:12;178;12:18:42;179;12:21:07;180;12:22:58;181;12:24:07;182;12:27:27;183;12:31:42;184;12:32:20;185;12:32:36;186;12:34:15;187;12:34:46;188;12:35:47;189;12:36:43;190;12:37:27
31;--:--;0:00:00;11:38:00;11:38:06;11:56:34;187;11:39:09;186;11:39:52;177;11:40:37;174;11:42:21;175;11:43:53;176;11:45:40;182;11:49:59;163;11:51:54;184;11:52:54;185;11:53:19;161;11:55:01;162;11:55:32;190;11:56:15
61;--:--;0:00:00;12:48:06;12:48:51;13:16:20;162;12:49:40;187;12:52:25;186;12:53:46;177;12:54:33;174;12:56:53;175;13:03:45;176;13:04:54;182;13:07:08;163;13:12:02;184;13:12:44;185;13:13:00;161;13:14:33;162;13:15:08;190;13:15:59
10;--:--;0:00:00;11:17:41;11:19:21;11:39:32;187;11:20:32;186;11:22:03;177;11:22:39;174;11:23:33;175;11:25:28;176;11:27:07;182;11:29:24;184;11:31:41;185;11:32:04;163;11:34:46;184;11:35:29;185;11:35:50;161;11:37:26;162;11:38:37;190;11:39:13
58;--:--;0:00:00;12:33:34;12:34:41;13:17:17;162;12:35:19;164;12:36:38;165;12:38:09;166;12:39:26;167;12:43:19;168;12:47:52;169;12:49:20;170;12:50:33;171;12:52:57;172;12:53:15;173;12:53:38;174;12:55:19;175;12:56:38;176;12:57:52;177;12:59:50;178;13:01:06;179;13:03:52;180;13:05:27;181;13:06:31;182;13:08:21;183;13:10:23;184;13:11:04;185;13:11:21;186;13:13:39;187;13:14:14;188;13:15:13;189;13:15:58;190;13:16:57
47;--:--;11:55:10;11:55:12;11:56:36;12:25:39;162;11:56:58;164;11:57:54;165;11:59:30;166;12:00:22;167;12:02:04;168;12:04:48;169;12:05:50;170;12:06:39;171;12:10:08;172;12:10:19;173;12:10:36;174;12:11:48;175;12:12:33;176;12:13:31;177;12:14:51;178;12:15:15;179;12:17:08;180;12:18:15;181;12:18:59;182;12:19:51;183;12:21:17;184;12:21:46;185;12:22:02;186;12:23:08;187;12:23:30;188;12:24:18;189;12:24:42;190;12:25:24
26;--:--;0:00:00;12:00:55;12:01:05;12:37:53;162;12:01:27;164;12:02:19;165;12:04:08;166;12:05:18;167;12:07:39;168;12:11:06;169;12:12:28;170;12:14:36;171;12:16:39;172;12:17:00;174;12:18:38;173;12:20:11;174;12:21:34;175;12:22:33;176;12:23:44;177;12:25:18;178;12:25:50;179;12:28:00;180;12:29:38;181;12:30:30;182;12:31:22;183;12:32:39;184;12:33:14;185;12:33:26;186;12:34:51;187;12:35:14;188;12:36:04;189;12:36:49;190;12:37:40
54;--:--;0:00:00;12:17:23;12:18:02;12:44:21;162;12:18:21;164;12:19:10;165;12:20:02;166;12:20:53;167;12:22:22;168;12:24:52;169;12:26:01;170;12:27:01;171;12:28:29;172;12:29:04;173;12:29:22;174;12:30:29;175;12:31:16;176;12:32:07;177;12:33:18;178;12:34:22;179;12:35:59;180;12:37:48;181;12:38:26;182;12:38:59;183;12:39:57;184;12:40:25;185;12:40:35;186;12:41:29;187;12:41:51;188;12:42:34;189;12:43:27;190;12:44:07
49;--:--;0:00:00;11:49:04;11:51:17;12:24:20;162;11:51:43;164;11:53:16;165;11:54:28;166;11:56:13;167;11:57:55;168;12:00:45;169;12:01:52;170;12:03:27;171;12:05:17;172;12:05:31;173;12:06:23;174;12:07:37;175;12:08:34;176;12:09:42;177;12:11:01;178;12:11:35;179;12:13:28;180;12:14:41;181;12:15:34;182;12:16:26;183;12:18:05;184;12:18:37;185;12:18:56;186;12:20:03;187;12:20:31;188;12:21:21;189;12:23:17;190;12:24:08
27;--:--;0:00:00;11:47:43;11:48:07;12:45:54;162;11:48:42;164;11:50:19;165;11:52:04;166;11:53:49;167;11:56:54;168;12:04:45;169;12:06:43;170;12:08:17;171;12:11:35;172;12:12:13;173;12:13:16;174;12:15:50;175;12:17:11;176;12:19:15;177;12:21:38;178;12:23:16;179;12:26:34;180;12:28:45;181;12:30:13;182;12:33:47;183;12:36:41;184;12:37:31;185;12:37:54;186;12:39:51;187;12:40:55;188;12:42:37;189;12:44:11;190;12:45:30
42;--:--;0:00:00;11:42:32;11:43:12;12:11:46;162;11:43:40;164;11:44:28;165;11:45:28;166;11:46:23;167;11:48:07;168;11:51:02;169;11:52:04;170;11:52:57;171;11:54:38;172;11:54:49;173;11:55:13;174;11:56:25;175;11:57:11;176;11:58:12;177;11:59:33;178;11:59:56;179;12:01:47;180;12:02:56;181;12:04:40;182;12:05:22;183;12:06:25;184;12:06:56;185;12:07:06;186;12:08:12;187;12:08:35;188;12:09:25;189;12:10:40;190;12:11:18
11;--:--;0:00:00;11:15:28;11:16:53;11:46:56;162;11:17:18;164;11:18:05;165;11:19:17;166;11:20:15;167;11:22:15;168;11:25:19;169;11:26:22;170;11:27:15;171;11:28:56;172;11:29:08;173;11:29:27;174;11:31:02;175;11:31:55;176;11:32:57;177;11:34:23;178;11:34:46;179;11:36:35;180;11:37:48;181;11:40:20;182;11:40:57;183;11:42:15;184;11:42:48;185;11:43:00;186;11:44:04;187;11:44:30;188;11:45:18;189;11:46:00;190;11:46:41
