1006610;10:22:37;10:22:37;10:24:54;11:36:03;164;10:27:52;166;10:30:59;167;10:32:44;169;10:34:23;170;10:37:37;162;10:39:36;173;10:45:41;174;10:47:52;178;10:53:49;168;10:55:51;186;10:59:53;188;11:05:06;185;11:11:14;181;11:15:58;177;11:22:59;175;11:26:29;180;11:28:00;172;11:31:41;179;11:32:58;158;11:35:10;
11445;0:00:00;11:25:00;11:26:59;11:51:13;150;11:28:18;152;11:30:02;153;11:30:44;154;11:32:00;159;11:37:15;160;11:39:53;161;11:41:35;155;11:42:49;156;11:45:37;157;11:47:20;158;11:49:56;
11425;0:00:00;11:23:42;11:24:58;11:51:02;150;11:26:24;152;11:29:13;153;11:30:21;154;11:31:26;159;11:37:02;160;11:39:43;161;11:41:05;155;11:42:42;156;11:45:33;157;11:47:25;158;11:49:28;
11428;0:00:00;11:25:57;11:29:58;11:58:33;150;11:33:04;152;11:35:19;153;11:36:15;154;11:37:30;159;11:43:36;160;11:46:50;161;11:48:40;155;11:49:49;156;11:52:02;157;11:53:57;158;11:56:30;
300009;0:00:00;11:16:40;11:17:58;11:59:08;151;11:20:34;174;11:25:03;163;11:28:01;165;11:32:33;194;11:38:11;159;11:42:58;154;11:47:01;155;11:50:20;156;11:52:24;190;11:53:55;158;11:57:50;
335211;0:00:00;11:32:36;11:34:57;11:50:17;150;11:36:22;151;11:37:37;152;11:38:13;153;11:38:50;154;11:40:27;155;11:44:22;156;11:46:01;157;11:47:13;158;11:49:16;
335210;0:00:00;11:34:09;11:36:58;12:00:46;150;11:38:24;152;11:40:03;153;11:40:46;154;11:42:14;159;11:47:08;160;11:50:14;161;11:52:22;155;11:53:40;156;11:55:46;157;11:57:21;158;11:59:46;
51019;0:00:00;11:19:32;11:21:18;12:03:19;150;11:25:35;152;11:29:02;153;11:30:14;154;11:33:23;159;11:39:50;160;11:46:08;161;11:48:50;155;11:50:26;156;11:54:07;157;11:58:18;158;12:01:57;
11444;0:00:00;11:29:49;11:31:58;12:00:34;150;11:34:13;152;11:36:31;153;11:37:32;154;11:39:00;159;11:44:43;160;11:48:17;161;11:51:10;155;11:52:24;156;11:54:27;157;11:56:37;158;11:59:19;
10829;0:00:00;10:56:33;10:57:03;12:06:11;191;11:00:44;171;11:04:11;166;11:06:44;167;11:09:21;169;11:11:21;170;11:15:32;162;11:19:49;189;11:22:35;190;11:32:52;175;11:39:19;168;11:46:34;178;11:49:02;177;11:50:25;180;11:54:44;172;11:59:19;179;12:02:13;158;12:04:56;
11471;0:00:00;11:13:56;11:15:01;12:11:27;150;11:23:10;152;11:28:16;153;11:30:08;154;11:32:21;159;11:41:44;160;11:46:23;161;11:51:02;155;11:54:08;156;11:59:22;157;12:03:17;158;12:07:52;
11238;0:00:00;11:28:27;11:29:05;12:17:06;150;11:32:11;150;11:32:30;151;11:35:16;152;11:37:12;153;11:39:28;154;11:42:46;155;11:54:31;156;12:00:01;157;12:04:45;158;12:11:44;
51081;0:00:00;11:45:43;11:47:58;12:16:57;150;11:49:47;152;11:51:41;153;11:52:30;154;11:54:08;159;12:00:02;160;12:03:31;161;12:06:32;155;12:07:47;156;12:09:56;157;12:11:58;158;12:15:41;
50635;0:00:00;11:38:14;11:40:56;12:18:24;150;11:42:47;152;11:46:23;153;11:47:17;154;11:49:34;159;11:55:39;160;11:59:26;161;12:02:53;155;12:06:29;156;12:10:09;157;12:13:40;158;12:17:09;
51062;0:00:00;11:38:19;11:40:57;12:18:24;150;11:42:45;152;11:46:07;153;11:47:24;154;11:49:30;159;11:55:42;160;11:59:23;161;12:03:17;155;12:06:23;156;12:10:17;157;12:13:09;158;12:17:16;
11240;0:00:00;11:08:20;11:10:57;12:20:20;191;11:13:37;171;11:16:34;166;11:19:48;167;11:22:01;169;11:24:05;170;11:29:02;162;11:32:09;189;11:35:06;190;11:39:36;175;11:47:07;168;11:56:59;178;11:59:31;177;12:01:16;180;12:06:38;172;12:12:25;179;12:14:22;158;12:19:14;
11240;0:00:00;11:08:20;11:10:57;12:20:20;191;11:13:37;171;11:16:34;166;11:19:48;167;11:22:01;169;11:24:05;170;11:29:02;162;11:32:09;189;11:35:06;190;11:39:36;175;11:47:07;168;11:56:59;178;11:59:31;177;12:01:16;180;12:06:38;172;12:12:25;179;12:14:22;158;12:19:14;
10833;0:00:00;11:21:37;11:23:06;12:22:08;179;11:27:14;190;11:30:04;156;11:32:18;180;11:36:50;175;11:40:29;154;11:48:00;172;11:51:27;189;11:56:23;191;12:00:20;171;12:04:40;166;12:08:29;192;12:11:00;169;12:15:31;193;12:21:13;
10565;0:00:00;11:09:18;11:09:55;12:22:40;179;11:14:32;190;11:20:00;156;11:22:21;180;11:27:44;175;11:30:40;154;11:34:46;172;11:39:49;189;11:45:20;191;11:49:44;171;11:55:12;166;12:05:55;192;12:08:26;169;12:13:07;193;12:21:24;
260236;0:00:00;11:05:02;11:06:55;12:23:07;191;11:12:15;171;11:15:11;166;11:18:06;167;11:20:38;169;11:23:06;170;11:28:29;162;11:31:50;189;11:34:49;190;11:39:35;175;11:46:58;168;11:56:30;178;11:59:17;177;12:03:05;180;12:08:55;172;12:14:37;179;12:18:45;158;12:22:04;
11491;0:00:00;11:32:56;11:34:58;12:24:05;150;11:38:00;152;11:41:09;153;11:42:40;154;11:45:30;159;11:53:02;160;11:57:03;161;12:03:44;155;12:08:29;156;12:13:29;157;12:17:45;158;12:21:58;
11434;0:00:00;11:31:04;11:32:58;12:25:53;150;11:36:39;152;11:40:37;153;11:42:34;154;11:45:39;159;11:54:49;160;12:01:15;161;12:05:36;155;12:08:45;156;12:14:03;157;12:18:35;158;12:22:54;
11423;0:00:00;11:31:02;11:32:59;12:25:48;150;11:36:43;152;11:40:40;153;11:42:31;154;11:45:46;159;11:54:43;160;12:01:06;161;12:05:41;155;12:08:39;156;12:14:08;157;12:18:40;158;12:22:50;
10851;0:00:00;11:25:04;11:26:59;12:28:08;179;11:31:23;190;11:34:09;156;11:35:32;180;11:39:21;175;11:41:45;154;11:47:14;172;11:51:08;189;11:56:25;191;11:59:54;171;12:03:22;166;12:06:36;192;12:08:19;169;12:12:37;193;12:27:19;
11261;0:00:00;11:11:16;11:12:59;12:18:48;179;11:15:21;190;11:16:59;156;11:20:54;180;11:26:34;175;11:30:01;154;11:38:21;172;11:40:36;189;11:44:03;191;11:47:09;171;11:51:05;166;11:54:19;192;12:00:10;169;12:05:23;193;12:18:19;
11237;0:00:00;11:11:05;11:13:56;12:31:39;191;11:17:44;171;11:20:22;166;11:22:56;167;11:26:06;169;11:27:51;170;11:35:25;162;11:38:20;189;11:41:03;190;11:45:14;175;11:52:54;168;12:02:15;178;12:06:34;177;12:08:17;180;12:14:15;172;12:18:23;179;12:28:39;158;12:30:53;
11271;0:00:00;11:01:18;11:01:58;12:31:30;191;11:10:13;171;11:13:32;166;11:22:58;167;11:26:08;169;11:27:54;170;11:35:30;162;11:38:14;189;11:41:08;190;11:45:13;175;11:52:47;168;12:02:16;178;12:06:37;177;12:08:20;180;12:14:05;172;12:18:26;179;12:28:32;158;12:30:41;
11271;0:00:00;11:01:18;11:01:58;12:31:30;191;11:10:13;171;11:13:32;166;11:22:58;167;11:26:08;169;11:27:54;170;11:35:30;162;11:38:14;189;11:41:08;190;11:45:13;175;11:52:47;168;12:02:16;178;12:06:37;177;12:08:20;180;12:14:05;172;12:18:26;179;12:28:32;158;12:30:41;
11477;0:00:00;11:56:42;11:56:45;0:00:00;150;12:08:56;151;12:13:39;152;12:14:59;153;12:17:13;156;12:22:19;157;12:25:28;158;12:31:31;
11477;0:00:00;11:56:42;11:56:45;0:00:00;150;12:08:56;151;12:13:39;152;12:14:59;153;12:17:13;156;12:22:19;157;12:25:28;158;12:31:31;
11221;0:00:00;10:58:02;10:58:59;12:33:24;191;11:02:18;171;11:06:45;166;11:10:40;167;11:14:46;169;11:18:01;170;11:23:51;162;11:29:20;189;11:33:22;190;11:39:44;175;11:48:16;168;11:58:39;178;12:02:39;177;12:04:51;180;12:11:39;172;12:18:32;179;12:28:52;158;12:31:59;
1006495;11:41:34;11:41:34;11:43:58;12:35:20;191;11:46:17;171;11:48:31;166;11:50:33;167;11:52:34;169;11:54:19;170;11:58:01;162;12:00:19;189;12:02:40;190;12:05:47;175;12:12:16;168;12:20:16;178;12:22:14;177;12:23:36;180;12:27:08;172;12:30:46;179;12:32:06;158;12:34:31;
260244;0:00:00;11:11:33;11:12:57;12:36:26;164;11:16:31;166;11:19:53;167;11:21:39;169;11:23:25;170;11:30:36;162;11:32:29;173;11:39:59;174;11:42:22;178;11:48:50;168;11:51:12;186;11:55:10;188;12:01:16;185;12:09:03;181;12:14:28;177;12:23:13;175;12:26:48;180;12:28:27;172;12:32:05;179;12:33:15;158;12:35:29;
10837;0:00:00;11:48:01;11:48:11;12:37:05;150;11:52:29;151;11:56:06;152;11:57:07;153;11:59:04;154;12:04:12;155;12:17:31;156;12:23:10;157;12:27:05;158;12:33:07;
11460;0:00:00;11:36:45;11:38:58;12:37:37;189;11:42:30;150;11:44:27;151;11:46:49;152;11:49:34;153;11:51:04;180;12:05:28;155;12:08:12;161;12:11:47;160;12:15:15;156;12:26:08;157;12:29:19;158;12:34:28;
11460;0:00:00;11:36:45;11:38:58;12:37:37;189;11:42:30;150;11:44:27;151;11:46:49;152;11:49:34;153;11:51:04;180;12:05:28;155;12:08:12;161;12:11:47;160;12:15:15;156;12:26:08;157;12:29:19;158;12:34:28;
400893;0:00:00;11:27:13;11:29:58;12:38:38;179;11:33:25;190;11:37:49;156;11:39:21;180;11:44:17;175;11:46:48;154;11:50:38;172;11:54:10;189;11:58:33;191;12:08:16;171;12:13:28;166;12:17:37;192;12:22:00;169;12:25:46;193;12:37:52;
51096;0:00:00;11:24:09;11:25:57;12:39:09;164;11:27:41;171;11:29:05;166;11:30:31;167;11:33:21;169;11:34:35;162;11:38:49;173;11:43:05;174;11:45:06;178;11:49:33;168;11:50:58;186;11:54:18;188;11:58:23;181;12:03:04;184;12:08:21;182;12:12:04;183;12:15:49;185;12:25:05;177;12:29:25;175;12:31:48;180;12:32:45;172;12:35:48;179;12:36:36;158;12:38:24;
11479;0:00:00;11:43:41;11:45:56;12:42:25;191;11:49:04;171;11:51:16;166;11:53:13;167;11:55:30;169;11:57:20;170;12:00:54;162;12:03:09;189;12:05:50;190;12:08:47;175;12:16:52;168;12:24:28;178;12:26:18;177;12:28:01;180;12:32:16;172;12:36:50;179;12:38:49;158;12:41:20;
11490;0:00:00;12:16:18;12:17:58;12:43:26;150;12:20:31;151;12:22:07;152;12:23:03;153;12:24:31;154;12:26:04;155;12:31:07;156;12:35:41;157;12:38:23;158;12:42:33;
11490;0:00:00;12:16:18;12:17:58;12:43:26;150;12:20:31;151;12:22:07;152;12:23:03;153;12:24:31;154;12:26:04;155;12:31:07;156;12:35:41;157;12:38:23;158;12:42:33;
11456;0:00:00;12:17:29;12:17:59;12:43:30;150;12:20:45;151;12:22:15;152;12:23:01;153;12:24:27;154;12:26:07;155;12:31:11;156;12:35:39;157;12:38:28;158;12:42:35;
11456;0:00:00;12:17:29;12:17:59;12:43:30;150;12:20:45;151;12:22:15;152;12:23:01;153;12:24:27;154;12:26:07;155;12:31:11;156;12:35:39;157;12:38:28;158;12:42:35;
51072;0:00:00;11:17:26;11:19:01;12:44:15;191;11:22:57;171;11:27:27;166;11:29:49;167;11:33:38;169;11:35:59;170;11:41:24;162;11:45:30;189;11:48:40;190;11:53:33;175;12:02:04;168;12:12:47;178;12:15:21;177;12:17:18;180;12:32:35;172;12:38:03;179;12:39:57;158;12:43:10;
51072;0:00:00;11:17:26;11:19:01;12:44:15;191;11:22:57;171;11:27:27;166;11:29:49;167;11:33:38;169;11:35:59;170;11:41:24;162;11:45:30;189;11:48:40;190;11:53:33;175;12:02:04;168;12:12:47;178;12:15:21;177;12:17:18;180;12:32:35;172;12:38:03;179;12:39:57;158;12:43:10;
414273;0:00:00;11:34:12;11:36:59;12:49:29;191;11:41:21;171;11:43:47;166;11:45:58;167;11:48:18;169;11:50:23;170;11:54:43;162;11:56:51;189;11:59:40;190;12:07:51;175;12:15:15;168;12:22:38;178;12:24:29;177;12:27:51;180;12:40:06;172;12:44:33;179;12:46:24;158;12:48:28;
347563;0:00:00;0:00:00;11:34:06;12:39:54;179;11:47:51;190;11:53:12;156;11:54:33;180;12:10:52;175;12:12:48;154;12:15:44;172;12:18:28;189;12:21:21;191;12:24:16;171;12:27:40;166;12:30:23;192;12:32:08;169;12:34:55;193;12:39:16;
11245;0:00:00;11:07:51;11:08:36;12:52:01;164;11:16:37;166;11:20:00;167;11:21:46;169;11:23:15;170;11:30:40;162;11:32:39;173;11:39:57;174;11:42:01;178;11:49:42;168;11:52:39;186;11:58:15;188;12:05:46;185;12:21:33;181;12:27:34;177;12:36:10;175;12:40:12;180;12:41:33;172;12:45:59;179;12:48:53;158;12:51:19;
423580;0:00:00;12:37:10;12:38:59;12:54:52;150;12:41:03;151;12:42:23;152;12:43:02;153;12:43:40;154;12:45:12;155;12:48:16;156;12:50:11;157;12:51:52;158;12:53:55;
1006549;12:30:24;12:30:24;12:31:54;12:54:59;150;12:33:14;152;12:35:25;153;12:36:23;154;12:37:48;159;12:42:23;160;12:44:58;161;12:46:59;155;12:48:21;156;12:50:10;157;12:51:51;158;12:54:03;
1006549;12:30:24;12:30:24;12:31:54;12:54:59;150;12:33:14;152;12:35:25;153;12:36:23;154;12:37:48;159;12:42:23;160;12:44:58;161;12:46:59;155;12:48:21;156;12:50:10;157;12:51:51;158;12:54:03;
11494;0:00:00;11:37:58;11:39:00;12:56:12;179;11:43:04;190;11:45:57;156;11:48:03;180;11:53:30;175;11:57:17;154;12:06:59;172;12:11:42;189;12:17:24;191;12:21:21;171;12:27:48;166;12:32:24;192;12:38:51;169;12:42:32;193;12:54:43;
11810;0:00:00;12:13:33;12:16:00;12:56:31;179;12:18:48;190;12:21:00;156;12:22:32;180;12:26:27;175;12:28:42;154;12:31:49;172;12:34:01;189;12:37:12;191;12:40:34;171;12:44:12;166;12:47:09;192;12:48:39;169;12:51:52;193;12:55:45;
10955;0:00:00;11:39:01;11:41:57;12:59:13;164;11:44:26;166;11:48:05;167;11:49:47;169;11:51:22;170;11:55:00;162;11:57:20;173;12:03:22;174;12:06:02;178;12:12:32;168;12:14:38;186;12:18:53;188;12:24:58;185;12:30:41;181;12:40:02;177;12:46:40;175;12:49:58;180;12:51:19;172;12:54:51;179;12:56:06;158;12:58:20;
1006577;12:33:07;12:33:07;12:34:57;12:59:45;150;12:36:32;152;12:38:27;153;12:39:12;154;12:40:44;159;12:45:24;160;12:48:34;161;12:50:15;155;12:51:45;156;12:54:00;157;12:55:55;158;12:58:46;
1006577;12:33:07;12:33:07;12:34:57;12:59:45;150;12:36:32;152;12:38:27;153;12:39:12;154;12:40:44;159;12:45:24;160;12:48:34;161;12:50:15;155;12:51:45;156;12:54:00;157;12:55:55;158;12:58:46;
51100;0:00:00;11:32:27;11:35:02;13:01:58;179;11:39:50;190;11:44:47;156;11:47:14;180;11:53:40;175;11:57:48;154;12:07:24;172;12:12:32;189;12:18:44;191;12:24:00;171;12:32:09;166;12:37:47;192;12:41:52;169;12:51:38;193;13:00:24;
11401;0:00:00;12:06:49;12:08:57;0:00:00;179;12:13:28;190;12:18:12;156;12:19:24;180;12:22:48;175;12:25:40;154;12:27:48;172;12:35:28;189;12:38:58;191;12:43:40;171;12:50:01;166;12:52:37;192;12:54:33;169;12:57:40;193;13:02:26;
11401;0:00:00;12:06:49;12:08:57;13:03:40;179;12:13:28;190;12:18:12;156;12:19:24;180;12:22:48;175;12:25:40;154;12:27:48;172;12:35:28;189;12:38:58;191;12:43:40;171;12:50:01;166;12:52:37;192;12:54:33;169;12:57:40;193;13:02:26;
347561;0:00:00;11:14:00;11:16:59;13:03:57;191;11:20:09;171;11:24:33;166;11:36:29;167;11:40:28;169;11:42:27;170;11:59:03;162;12:01:45;189;12:05:02;190;12:09:23;175;12:19:58;168;12:28:31;178;12:31:09;177;12:35:45;180;12:41:41;172;12:57:13;179;12:59:39;158;13:03:03;
335209;0:00:00;11:32:58;11:34:59;13:04:48;191;11:40:51;171;11:44:04;166;11:47:14;167;11:51:11;169;11:54:43;170;12:00:28;162;12:03:40;189;12:06:46;190;12:12:00;175;12:23:16;168;12:35:02;178;12:37:55;177;12:43:04;180;12:50:23;172;12:55:30;179;12:59:38;158;13:03:39;
11939;0:00:00;11:47:05;11:50:01;13:04:32;179;11:56:10;190;12:01:32;156;12:03:27;180;12:08:10;175;12:12:06;154;12:19:57;172;12:23:54;189;12:30:15;191;12:34:06;171;12:39:39;166;12:48:37;192;12:52:13;169;12:57:04;193;13:03:16;
218198;0:00:00;11:37:07;11:39:57;13:05:57;164;11:42:57;166;11:47:54;167;11:50:09;169;11:52:00;170;11:55:49;162;11:59:18;173;12:05:58;174;12:08:35;178;12:15:26;168;12:18:17;186;12:23:31;188;12:29:43;185;12:36:59;181;12:43:21;177;12:50:12;175;12:55:37;180;12:57:20;172;13:01:33;179;13:02:58;158;13:05:10;
218198;0:00:00;11:37:07;11:39:57;13:05:57;164;11:42:57;166;11:47:54;167;11:50:09;169;11:52:00;170;11:55:49;162;11:59:18;173;12:05:58;174;12:08:35;178;12:15:26;168;12:18:17;186;12:23:31;188;12:29:43;185;12:36:59;181;12:43:21;177;12:50:12;175;12:55:37;180;12:57:20;172;13:01:33;179;13:02:58;158;13:05:10;
10861;0:00:00;10:55:26;10:56:06;13:06:22;179;11:13:18;190;11:23:27;156;11:27:03;180;11:37:27;175;11:42:54;154;11:55:09;172;12:02:14;189;12:12:54;191;12:20:23;171;12:31:07;166;12:38:57;192;12:43:07;169;12:52:57;193;13:04:13;
11299;0:00:00;11:36:11;11:37:56;13:06:12;164;11:40:41;166;11:45:39;167;11:48:08;169;11:50:26;170;11:54:31;162;11:57:10;173;12:05:30;174;12:08:38;178;12:15:20;168;12:18:12;186;12:23:34;188;12:29:53;185;12:35:52;181;12:41:55;177;12:49:43;175;12:54:03;180;12:55:34;172;12:59:43;179;13:02:27;158;13:05:14;
220499;0:00:00;12:46:20;12:46:50;13:06:54;150;12:48:01;152;12:49:33;153;12:50:08;154;12:51:21;159;12:55:34;160;12:58:00;161;12:59:36;155;13:00:40;156;13:02:37;157;13:03:55;158;13:05:58;
51080;0:00:00;11:28:56;11:30:58;13:07:31;191;11:33:46;171;11:36:34;166;11:39:18;167;11:53:38;169;11:55:21;170;12:00:31;162;12:02:52;189;12:06:03;190;12:09:28;175;12:16:42;168;12:25:19;178;12:27:40;177;12:29:38;180;12:50:13;172;12:54:56;179;13:02:36;158;13:06:17;
51013;0:00:00;12:06:49;12:08:00;13:12:59;164;12:10:27;166;12:14:06;167;12:15:40;169;12:17:09;170;12:20:22;162;12:22:10;173;12:27:57;174;12:30:01;178;12:35:27;168;12:37:17;186;12:40:45;188;12:45:53;185;12:51:18;181;12:55:16;177;13:02:41;175;13:05:03;180;13:06:15;172;13:09:08;179;13:10:23;158;13:12:14;
11235;0:00:00;0:00:00;11:28:58;13:13:13;191;11:34:16;171;11:38:27;166;11:42:08;167;11:48:46;169;11:50:55;170;11:55:52;162;11:59:48;189;12:03:26;190;12:08:37;175;12:17:00;168;12:29:09;178;12:32:40;177;12:35:21;180;12:57:39;172;13:05:39;179;13:07:38;158;13:12:02;
10880;0:00:00;12:03:25;12:05:58;13:13:44;191;12:10:44;171;12:13:32;166;12:16:04;167;12:18:51;169;12:20:53;170;12:25:47;162;12:28:35;189;12:31:32;190;12:35:32;175;12:46:12;168;12:54:47;178;12:57:16;177;12:58:49;180;13:04:06;172;13:08:35;179;13:09:59;158;13:12:35;
50120;0:00:00;11:44:04;11:46:57;13:15:13;164;11:50:38;166;11:54:25;167;11:56:32;169;11:58:21;170;12:02:11;162;12:05:35;173;12:13:12;174;12:16:00;178;12:22:30;168;12:24:51;186;12:29:46;188;12:35:46;185;12:42:51;181;12:48:05;177;12:54:49;175;13:04:27;180;13:06:01;172;13:09:27;179;13:12:11;158;13:14:20;
51012;0:00:00;11:51:12;11:53:59;13:16:15;164;11:56:32;166;12:00:26;167;12:02:28;169;12:04:08;170;12:08:42;162;12:10:45;173;12:17:49;174;12:19:58;178;12:26:13;168;12:28:35;186;12:33:23;188;12:39:26;185;12:47:27;181;12:53:04;177;13:02:22;175;13:06:21;180;13:08:11;172;13:11:53;179;13:13:18;158;13:15:13;
11469;0:00:00;12:07:05;12:10:00;13:16:53;191;12:15:05;171;12:23:46;166;12:26:41;167;12:29:25;169;12:31:07;170;12:35:19;162;12:38:50;189;12:41:09;190;12:44:28;175;12:50:29;168;12:58:33;178;13:00:46;177;13:02:31;180;13:06:33;172;13:12:17;179;13:13:33;158;13:15:35;
224370;0:00:00;11:56:38;11:57:57;13:15:13;164;12:00:40;166;12:04:53;167;12:07:05;169;12:08:38;170;12:11:38;162;12:13:34;173;12:22:00;174;12:24:01;178;12:29:26;168;12:31:27;186;12:35:06;188;12:39:48;185;12:44:37;181;12:49:57;177;12:55:40;175;13:04:46;180;13:06:12;172;13:09:19;179;13:12:18;158;13:14:18;
261733;0:00:00;11:41:05;11:44:00;13:17:56;164;11:47:16;166;11:52:06;167;11:54:42;169;11:57:14;170;12:01:31;162;12:05:56;173;12:14:38;174;12:17:38;178;12:28:19;168;12:31:53;186;12:42:16;188;12:50:57;
11406;0:00:00;12:22:40;12:25:00;13:18:44;150;12:29:22;152;12:32:41;153;12:34:27;154;12:37:01;159;12:44:10;160;12:52:30;161;12:55:51;155;12:58:34;156;13:07:58;157;13:11:43;158;13:16:30;
11228;0:00:00;11:02:42;11:04:57;13:19:13;191;11:36:48;171;11:41:30;166;11:46:01;167;11:50:35;169;11:55:26;170;12:03:05;162;12:06:13;189;12:10:52;190;12:17:02;175;12:29:40;168;12:45:58;178;12:50:35;177;12:53:16;180;13:05:01;172;13:10:24;179;13:14:46;158;13:17:54;
10844;0:00:00;11:56:15;11:56:21;13:20:21;191;11:59:51;171;12:03:11;166;12:06:31;167;12:09:22;169;12:11:57;170;12:17:53;162;12:23:07;189;12:26:40;190;12:31:32;175;12:44:20;168;12:53:59;178;12:57:21;177;12:59:03;180;13:04:48;172;13:10:08;179;13:14:18;158;13:18:26;
11433;0:00:00;12:19:02;12:21:00;13:20:19;151;12:26:58;174;12:31:24;163;12:35:14;165;12:53:08;194;12:58:51;159;13:02:52;154;13:07:25;155;13:12:15;156;13:14:57;190;13:16:28;158;13:19:14;
11433;0:00:00;12:19:02;12:21:00;13:20:19;151;12:26:58;174;12:31:24;163;12:35:14;165;12:53:08;194;12:58:51;159;13:02:52;154;13:07:25;155;13:12:15;156;13:14:57;190;13:16:28;158;13:19:14;
10872;0:00:00;11:57:12;11:58:58;13:22:16;179;12:03:12;190;12:06:12;156;12:20:07;180;12:24:26;175;12:27:27;154;12:35:42;172;12:41:21;189;12:46:14;191;12:49:41;171;12:57:00;166;13:03:27;192;13:05:45;169;13:12:06;193;13:20:59;
11448;0:00:00;12:46:37;12:46:46;0:00:00;150;12:48:12;151;12:50:55;152;12:51:45;153;12:52:42;154;12:54:38;180;12:57:18;155;13:11:26;156;13:15:31;157;13:17:23;158;13:21:25;
11448;0:00:00;12:46:37;12:46:46;0:00:00;150;12:48:12;151;12:50:55;152;12:51:45;153;12:52:42;154;12:54:38;180;12:57:18;155;13:11:26;156;13:15:31;157;13:17:23;158;13:21:25;
11448;0:00:00;12:46:37;12:46:46;13:26:34;150;12:48:12;151;12:50:55;152;12:51:45;153;12:52:42;154;12:54:38;180;12:57:18;155;13:11:26;156;13:15:31;157;13:17:23;158;13:21:25;
11448;0:00:00;12:46:37;12:46:46;13:26:34;150;12:48:12;151;12:50:55;152;12:51:45;153;12:52:42;154;12:54:38;180;12:57:18;155;13:11:26;156;13:15:31;157;13:17:23;158;13:21:25;
11448;0:00:00;12:46:37;12:46:46;13:26:34;150;12:48:12;151;12:50:55;152;12:51:45;153;12:52:42;154;12:54:38;180;12:57:18;155;13:11:26;156;13:15:31;157;13:17:23;158;13:21:25;
414391;0:00:00;13:01:40;13:01:49;13:23:15;150;13:02:46;152;13:04:36;153;13:05:08;154;13:06:27;159;13:11:03;160;13:13:17;161;13:14:56;155;13:16:07;156;13:18:08;157;13:19:43;158;13:22:09;
11463;0:00:00;12:37:13;12:38:58;13:24:00;179;12:41:45;190;12:43:47;156;12:45:05;180;12:48:17;175;12:50:16;154;12:53:32;172;12:55:54;189;12:59:24;191;13:02:52;171;13:10:02;166;13:13:23;192;13:16:11;169;13:19:31;193;13:23:21;
51010;0:00:00;11:47:36;11:50:01;13:23:51;164;11:52:29;171;11:54:13;166;11:55:58;167;11:57:36;169;12:00:02;162;12:06:07;173;12:11:23;174;12:13:19;178;12:18:30;168;12:20:23;186;12:26:54;188;12:32:06;181;12:37:25;184;12:40:42;182;12:45:02;183;12:49:52;185;13:02:07;177;13:08:39;175;13:11:15;180;13:12:24;172;13:17:09;179;13:21:14;158;13:23:03;
11232;0:00:00;11:25:56;11:28:58;13:25:56;191;11:34:08;171;11:38:21;166;11:42:00;167;11:48:51;169;11:51:08;170;11:55:42;162;11:59:52;189;12:03:22;190;12:08:38;175;12:42:32;168;12:52:59;178;12:57:19;177;12:59:35;180;13:08:57;172;13:17:29;179;13:21:49;158;13:24:42;
11211;0:00:00;0:00:00;11:29:00;13:25:54;191;11:34:11;171;11:38:24;166;11:42:06;167;11:48:56;169;11:51:05;170;11:55:44;162;11:59:46;189;12:03:20;190;12:08:41;175;12:42:35;168;12:52:47;178;12:57:24;177;12:59:37;180;13:09:04;172;13:17:21;179;13:21:47;158;13:24:49;
10836;0:00:00;12:11:37;12:13:03;13:26:52;179;12:36:29;190;12:42:14;156;12:43:47;180;12:47:50;175;12:50:34;154;12:54:07;172;12:57:22;189;13:01:03;191;13:04:55;171;13:09:08;166;13:13:38;192;13:16:31;169;13:20:12;193;13:25:43;
11409;0:00:00;12:23:35;12:25:57;0:00:00;150;12:41:31;152;12:44:56;153;12:46:49;154;12:49:47;159;12:58:27;160;13:04:25;161;13:08:23;155;13:12:23;156;13:16:49;157;13:20:03;158;13:24:18;
203178;0:00:00;12:14:41;12:16:58;13:28:30;191;12:20:08;171;12:23:30;166;12:26:32;167;12:29:12;169;12:31:29;170;12:37:31;162;12:41:12;189;12:44:06;190;12:47:46;175;12:55:23;168;13:05:03;178;13:08:25;177;13:10:23;180;13:17:04;172;13:22:09;179;13:25:09;158;13:27:36;
11409;0:00:00;12:23:35;12:25:57;13:30:53;150;12:41:31;152;12:44:56;153;12:46:49;154;12:49:47;159;12:58:27;160;13:04:25;161;13:08:23;155;13:12:23;156;13:16:49;157;13:20:03;158;13:24:18;
11409;0:00:00;12:23:35;12:25:57;13:30:53;150;12:41:31;152;12:44:56;153;12:46:49;154;12:49:47;159;12:58:27;160;13:04:25;161;13:08:23;155;13:12:23;156;13:16:49;157;13:20:03;158;13:24:18;
11448;0:00:00;12:46:37;12:46:46;13:26:34;150;12:48:12;151;12:50:55;152;12:51:45;153;12:52:42;154;12:54:38;180;12:57:18;155;13:11:26;156;13:15:31;157;13:17:23;158;13:21:25;
51009;0:00:00;13:09:36;13:09:56;13:28:50;150;13:10:49;152;13:12:25;153;13:13:02;154;13:14:08;159;13:17:56;160;13:20:08;161;13:21:42;155;13:22:47;156;13:24:36;157;13:26:02;158;13:27:50;
11459;0:00:00;12:17:01;12:18:12;13:29:04;150;12:22:37;151;12:27:12;152;12:28:34;153;12:31:45;156;13:17:00;157;13:20:40;158;13:26:32;
4053;0:00:00;13:07:01;13:08:56;0:00:00;150;13:10:15;151;13:11:46;152;13:12:27;153;13:13:17;154;13:15:13;180;13:17:32;155;13:20:40;156;13:22:56;157;13:25:54;158;13:28:45;
11980;0:00:00;13:04:02;13:06:17;13:29:14;150;13:09:37;151;13:11:04;152;13:11:59;153;13:12:51;154;13:15:43;180;13:18:17;155;13:20:25;156;13:23:08;157;13:25:19;158;13:27:58;
41306;0:00:00;11:50:10;11:51:59;13:30:58;164;11:54:39;166;12:00:37;167;12:02:55;169;12:05:22;170;12:10:46;162;12:14:09;173;12:22:40;174;12:25:46;178;12:33:10;168;12:36:03;186;12:41:58;188;12:48:20;185;12:54:36;181;13:01:26;177;13:10:14;175;13:14:44;180;13:16:27;172;13:21:34;179;13:27:20;158;13:30:02;
10810;0:00:00;12:05:52;12:07:58;13:31:40;191;12:11:00;171;12:13:47;166;12:16:38;167;12:19:00;169;12:20:58;170;12:25:29;162;12:31:17;189;12:36:57;190;12:41:44;175;12:50:06;168;13:02:38;178;13:07:14;177;13:09:22;180;13:15:52;172;13:21:31;179;13:27:36;158;13:30:29;
50943;0:00:00;12:18:36;12:20:58;13:33:13;191;12:23:31;171;12:27:35;166;12:31:43;167;12:34:46;169;12:37:04;170;12:41:34;162;12:44:32;189;12:47:45;190;12:52:33;175;12:59:52;168;13:07:16;178;13:09:48;177;13:12:53;180;13:18:49;172;13:26:31;179;13:28:23;158;13:32:20;
4053;0:00:00;13:07:01;13:08:56;13:33:33;150;13:10:15;151;13:11:46;152;13:12:27;153;13:13:17;154;13:15:13;180;13:17:32;155;13:20:40;156;13:22:56;157;13:25:54;158;13:28:45;
870870;12:01:16;12:01:19;12:02:58;13:29:44;164;12:06:04;171;12:07:35;166;12:09:25;167;12:11:18;169;12:12:51;162;12:17:08;173;12:22:11;174;12:24:03;178;12:28:49;168;12:31:19;186;12:35:09;188;12:39:37;181;12:45:29;184;12:48:36;182;12:53:45;183;12:58:13;185;13:08:58;177;13:16:32;175;13:19:18;180;13:20:24;172;13:26:00;179;13:26:58;158;13:29:02;
11963;0:00:00;13:05:40;13:07:09;13:33:53;150;13:09:09;151;13:11:06;152;13:12:05;153;13:13:00;154;13:15:26;155;13:21:05;156;13:24:33;157;13:27:52;158;13:31:55;
11963;0:00:00;13:05:40;13:07:09;13:33:53;150;13:09:09;151;13:11:06;152;13:12:05;153;13:13:00;154;13:15:26;155;13:21:05;156;13:24:33;157;13:27:52;158;13:31:55;
11980;0:00:00;13:04:02;13:06:17;13:29:14;150;13:09:37;151;13:11:04;152;13:11:59;153;13:12:51;154;13:15:43;180;13:18:17;155;13:20:25;156;13:23:08;157;13:25:19;158;13:27:58;
550111;12:35:48;12:38:43;12:40:57;13:33:35;191;12:43:18;171;12:45:07;166;12:47:07;167;12:49:04;169;12:51:20;170;12:54:50;162;12:57:18;189;12:59:23;190;13:02:34;175;13:10:25;168;13:18:43;178;13:20:22;177;13:21:37;180;13:25:44;172;13:29:15;179;13:31:10;158;13:32:51;
331805;0:00:00;12:18:49;12:20:59;13:35:32;179;12:24:35;190;12:27:08;156;12:30:44;180;12:34:50;175;12:37:17;154;12:41:45;172;12:44:50;189;12:56:56;191;13:00:25;171;13:05:23;166;13:20:10;192;13:25:58;169;13:29:19;193;13:34:40;
51006;0:00:00;11:49:30;11:52:08;13:33:38;164;11:54:32;171;11:56:24;166;11:57:59;167;12:00:22;169;12:01:49;162;12:06:26;173;12:18:25;174;12:20:18;178;12:25:45;168;12:28:11;186;12:31:53;188;12:37:10;181;12:44:18;184;12:47:54;182;12:53:01;183;12:58:47;185;13:12:28;177;13:19:41;175;13:23:29;180;13:25:08;172;13:28:32;179;13:31:05;158;13:32:56;
51084;0:00:00;12:47:54;12:48:56;13:33:57;179;12:53:14;190;12:56:14;156;12:57:28;180;13:00:47;175;13:08:21;154;13:10:04;172;13:12:22;189;13:15:13;191;13:17:48;171;13:20:21;166;13:23:42;192;13:25:43;169;13:28:52;193;13:33:25;
11482;0:00:00;11:55:26;11:57:56;13:35:36;164;12:00:38;171;12:03:31;166;12:05:09;167;12:07:31;169;12:08:59;162;12:14:50;173;12:27:43;174;12:30:15;178;12:35:25;168;12:37:12;186;12:41:07;188;12:45:35;181;12:51:09;184;12:54:40;182;12:58:52;183;13:03:06;185;13:14:00;177;13:19:37;175;13:22:51;180;13:24:08;172;13:28:24;179;13:32:25;158;13:34:52;
10838;0:00:00;11:58:06;12:00:58;13:37:22;164;12:03:58;166;12:08:01;167;12:14:17;169;12:16:18;170;12:20:38;162;12:22:47;173;12:30:13;174;12:32:47;178;12:40:06;168;12:42:46;186;12:48:38;188;12:58:07;185;13:04:05;181;13:09:52;177;13:19:42;175;13:26:21;180;13:27:49;172;13:31:41;179;13:34:19;158;13:36:22;
854249;12:35:34;12:37:08;12:39:01;13:37:32;191;12:42:42;171;12:45:12;166;12:47:16;167;12:49:16;169;12:51:29;170;12:55:22;162;12:57:47;189;13:00:03;190;13:03:34;175;13:09:46;168;13:17:47;178;13:20:17;177;13:21:29;180;13:28:27;172;13:32:26;179;13:34:25;158;13:36:37;
51022;0:00:00;11:39:06;11:40:59;13:39:23;162;11:45:29;171;11:50:34;166;11:52:23;167;11:54:14;169;11:56:17;162;12:02:19;173;12:10:23;174;12:12:34;178;12:18:21;168;12:20:41;186;12:29:52;188;12:36:26;181;12:44:40;184;12:47:50;182;12:53:32;183;12:59:43;185;13:15:13;177;13:24:02;175;13:28:04;180;13:29:43;172;13:33:52;179;13:35:12;158;13:38:19;
50413;0:00:00;12:12:09;12:15:00;13:38:35;191;12:20:04;171;12:23:24;166;12:26:30;167;12:28:57;169;12:30:55;170;12:35:38;162;12:38:25;189;12:40:58;190;12:44:36;175;12:51:55;168;13:01:23;178;13:04:04;177;13:08:11;180;13:17:06;172;13:31:26;179;13:34:35;158;13:37:24;
11462;0:00:00;12:13:16;12:13:20;13:40:40;191;12:16:51;171;12:20:46;166;12:23:50;167;12:27:39;169;12:30:09;170;12:35:00;162;12:38:55;189;12:42:14;190;12:47:13;175;12:56:03;168;13:06:30;178;13:09:41;177;13:12:56;180;13:20:47;172;13:34:07;179;13:35:42;158;13:39:03;
50484;0:00:00;12:08:24;12:10:58;13:41:56;191;12:15:04;171;12:19:55;166;12:23:41;167;12:27:48;169;12:30:32;170;12:36:01;162;12:39:21;189;12:43:02;190;12:47:45;175;12:56:38;168;13:13:05;178;13:18:32;177;13:20:34;180;13:28:04;172;13:35:10;179;13:37:16;158;13:40:35;
50891;0:00:00;13:12:32;13:13:39;13:41:49;150;13:15:07;152;13:17:22;153;13:18:14;154;13:19:55;159;13:25:00;160;13:29:39;161;13:31:40;155;13:33:23;156;13:36:18;157;13:37:58;158;13:40:39;
50891;0:00:00;13:12:32;13:13:39;13:41:49;150;13:15:07;152;13:17:22;153;13:18:14;154;13:19:55;159;13:25:00;160;13:29:39;161;13:31:40;155;13:33:23;156;13:36:18;157;13:37:58;158;13:40:39;
700100;11:53:24;11:53:45;11:55:00;13:21:44;164;11:56:53;171;12:00:40;166;12:02:13;167;12:04:09;169;12:05:28;191;12:10:41;162;12:12:43;173;12:18:02;174;12:19:53;178;12:24:39;168;12:26:44;186;12:30:47;188;12:35:27;181;12:41:09;184;12:44:11;182;12:48:19;183;12:52:37;185;13:04:09;177;13:10:08;175;13:13:07;180;13:14:29;172;13:17:31;179;13:18:38;158;13:20:45;
11636;0:00:00;12:03:07;12:04:57;13:45:16;179;12:15:14;190;12:26:45;156;12:29:27;180;12:35:51;175;12:42:19;154;12:48:55;172;12:54:18;189;13:00:10;191;13:05:19;171;13:13:37;166;13:20:45;192;13:24:21;169;13:32:05;193;13:42:57;
11488;0:00:00;12:03:07;12:04:57;13:45:18;179;12:15:23;190;12:26:49;156;12:29:23;180;12:35:54;175;12:42:23;154;12:49:01;172;12:54:12;189;13:00:11;191;13:05:29;171;13:13:43;166;13:20:49;192;13:24:25;169;13:32:09;193;13:43:03;
51073;0:00:00;12:17:29;12:19:59;13:46:34;164;12:22:47;166;12:26:34;167;12:28:30;169;12:30:11;170;12:36:58;162;12:39:24;173;12:47:19;174;12:49:28;178;12:57:09;168;12:59:27;186;13:03:18;188;13:09:16;185;13:15:34;181;13:21:04;177;13:28:25;175;13:32:12;180;13:33:38;172;13:37:09;179;13:43:42;158;13:45:41;
11467;0:00:00;11:57:49;11:59:59;13:46:30;151;12:07:07;174;12:15:07;163;12:22:44;165;12:34:56;194;12:49:52;159;13:08:30;154;13:17:51;155;13:27:29;156;13:33:27;190;13:37:33;158;13:43:44;
11467;0:00:00;11:57:49;11:59:59;13:46:30;151;12:07:07;174;12:15:07;163;12:22:44;165;12:34:56;194;12:49:52;159;13:08:30;154;13:17:51;155;13:27:29;156;13:33:27;190;13:37:33;158;13:43:44;
400010;0:00:00;12:16:26;12:18:58;13:47:14;191;12:21:37;171;12:24:18;166;12:26:26;167;12:29:11;169;12:31:02;170;12:37:50;162;12:41:00;189;12:44:09;190;12:49:40;175;13:10:22;168;13:20:29;178;13:23:49;177;13:27:41;180;13:35:07;172;13:41:31;179;13:43:32;158;13:46:16;
51098;0:00:00;12:15:32;12:17:58;13:47:20;164;12:21:52;166;12:26:23;167;12:28:38;169;12:30:40;170;12:34:03;162;12:36:39;173;12:46:15;174;12:49:44;178;12:57:05;168;12:59:35;186;13:03:40;188;13:10:32;185;13:16:50;181;13:23:05;177;13:32:10;175;13:36:16;180;13:37:51;172;13:42:46;179;13:44:11;158;13:46:23;
11476;0:00:00;12:41:07;12:42:56;13:47:56;150;12:45:18;151;12:48:05;152;12:49:11;153;12:50:20;154;12:52:38;180;12:56:42;175;13:02:02;175;13:12:24;156;13:34:21;157;13:39:45;158;13:44:56;
11437;0:00:00;12:41:04;12:42:58;13:47:57;150;12:45:20;151;12:48:07;152;12:49:13;153;12:50:18;154;12:52:39;180;12:56:43;175;13:02:12;156;13:34:28;157;13:39:50;158;13:44:53;
10894;0:00:00;12:01:18;12:03:58;13:38:32;191;12:07:26;171;12:10:43;166;12:14:20;167;12:21:40;169;12:24:40;170;12:30:42;162;12:36:15;189;12:41:12;190;12:46:10;175;12:57:07;168;13:08:30;178;13:11:46;177;13:15:22;180;13:25:49;172;13:32:10;179;13:34:01;158;13:37:06;
11918;0:00:00;13:04:46;13:06:16;13:48:17;150;13:09:35;152;13:13:06;153;13:14:02;154;13:17:08;159;13:25:17;160;13:30:50;161;13:35:50;155;13:37:11;156;13:40:43;157;13:42:52;158;13:46:43;
11918;0:00:00;13:04:46;13:06:16;13:48:17;150;13:09:35;152;13:13:06;153;13:14:02;154;13:17:08;159;13:25:17;160;13:30:50;161;13:35:50;155;13:37:11;156;13:40:43;157;13:42:52;158;13:46:43;
11996;0:00:00;13:02:56;13:03:57;13:48:15;150;13:08:11;152;13:10:55;153;13:13:04;154;13:16:02;159;13:23:26;160;13:30:47;161;13:35:40;155;13:37:12;156;13:40:37;157;13:42:53;158;13:46:41;
11996;0:00:00;13:02:56;13:03:57;13:48:15;150;13:08:11;152;13:10:55;153;13:13:04;154;13:16:02;159;13:23:26;160;13:30:47;161;13:35:40;155;13:37:12;156;13:40:37;157;13:42:53;158;13:46:41;
50872;0:00:00;11:59:47;12:01:57;13:51:39;191;12:08:09;171;12:14:23;166;12:18:04;167;12:22:15;169;12:25:07;170;12:30:31;162;12:41:40;189;12:45:51;190;12:54:20;175;13:03:44;168;13:15:22;178;13:18:23;177;13:20:40;180;13:28:30;172;13:35:06;179;13:45:10;158;13:49:39;
235629;0:00:00;11:49:05;11:50:57;13:25:55;191;11:54:53;171;11:57:42;166;12:00:39;167;12:04:30;169;12:08:36;170;12:15:08;162;12:19:12;189;12:23:58;190;12:32:37;175;12:45:42;168;12:59:40;178;13:03:13;177;13:05:46;180;13:12:03;172;13:18:12;179;13:21:43;158;13:24:59;
51047;0:00:00;12:14:16;12:15:58;13:37:37;164;12:18:26;166;12:21:45;167;12:23:38;169;12:25:11;170;12:28:28;162;12:30:34;173;12:36:21;174;12:38:31;178;12:44:47;168;12:46:45;186;12:52:13;188;12:57:57;185;13:05:35;181;13:10:28;177;13:16:59;175;13:19:52;180;13:21:05;172;13:28:42;179;13:34:16;158;13:36:39;
661166;12:38:34;12:42:04;12:44:57;13:47:22;191;12:47:46;171;12:49:52;166;12:51:31;167;12:56:53;169;12:58:45;170;13:02:04;162;13:04:04;189;13:05:54;190;13:08:54;175;13:15:10;168;13:25:23;178;13:27:17;177;13:28:56;180;13:39:13;172;13:43:21;179;13:44:25;158;13:46:34;
1006556;12:44:21;12:44:21;12:44:39;13:56:18;179;12:48:24;190;12:53:12;156;12:55:03;180;12:59:08;175;13:02:14;154;13:09:06;172;13:13:55;189;13:18:05;191;13:21:45;171;13:30:38;166;13:37:52;192;13:45:16;169;13:50:42;193;13:55:29;
11473;0:00:00;11:39:41;11:41:00;13:56:27;191;11:45:59;171;11:54:50;166;12:02:50;167;12:09:16;169;12:12:50;170;12:28:19;162;12:37:49;189;12:43:09;190;12:51:05;175;13:01:41;168;13:13:56;178;13:17:43;177;13:20:22;180;13:31:22;172;13:38:32;179;13:50:37;158;13:55:07;
11472;0:00:00;11:39:36;11:41:01;13:56:17;191;11:45:55;191;11:45:56;171;11:54:40;166;12:02:52;167;12:09:24;169;12:12:44;170;12:28:26;162;12:37:51;189;12:43:11;190;12:51:06;175;13:01:51;168;13:13:58;178;13:17:45;177;13:20:19;180;13:31:24;172;13:38:38;179;13:50:38;158;13:55:03;
220486;0:00:00;12:53:09;12:54:57;13:59:49;164;12:57:10;166;13:00:14;167;13:01:45;169;13:03:19;170;13:06:24;162;13:08:09;173;13:13:21;174;13:15:26;178;13:20:41;168;13:22:38;186;13:25:36;188;13:32:50;185;13:38:48;181;13:42:58;177;13:48:58;175;13:51:14;180;13:52:45;172;13:56:32;179;13:57:41;158;13:59:14;
414401;0:00:00;12:20:41;12:22:57;14:01:24;164;12:25:45;171;12:27:42;166;12:29:33;167;12:35:14;169;12:36:48;162;12:46:11;173;12:53:30;174;12:55:27;178;13:01:30;168;13:03:25;186;13:06:52;188;13:11:43;181;13:16:48;184;13:20:29;182;13:24:52;183;13:29:30;185;13:40:30;177;13:47:07;175;13:50:40;180;13:52:00;172;13:55:28;179;13:58:24;158;14:00:33;
236307;0:00:00;12:56:54;12:57:40;14:01:25;191;13:03:12;171;13:09:44;166;13:13:50;167;13:18:23;169;13:22:29;170;13:47:57;162;13:52:48;
236307;0:00:00;12:56:54;12:57:40;14:01:25;191;13:03:12;171;13:09:44;166;13:13:50;167;13:18:23;169;13:22:29;170;13:47:57;162;13:52:48;
235467;0:00:00;11:53:14;11:56:00;14:01:50;164;11:58:45;166;12:03:55;167;12:06:35;169;12:08:33;170;12:13:19;162;12:15:15;173;12:28:04;174;12:30:10;178;12:50:07;168;12:52:32;186;13:03:14;188;13:09:49;185;13:16:57;181;13:22:44;177;13:37:00;175;13:41:25;180;13:52:40;172;13:57:20;179;13:58:48;158;14:00:59;
620513;12:13:23;12:15:16;12:16:59;13:46:08;164;12:19:38;171;12:21:16;166;12:22:53;167;12:25:22;169;12:26:52;162;12:32:10;173;12:37:38;174;12:39:52;178;12:44:40;168;12:46:32;186;12:52:17;188;12:57:47;181;13:03:47;184;13:07:21;182;13:12:19;183;13:17:04;185;13:29:15;177;13:34:37;175;13:37:43;180;13:39:03;172;13:42:22;179;13:43:35;158;13:45:26;
51011;0:00:00;12:22:03;12:23:58;13:58:12;164;12:27:37;166;12:32:02;167;12:34:19;169;12:36:28;170;12:41:35;162;12:44:20;173;12:53:00;174;12:55:36;178;13:05:27;168;13:08:05;186;13:17:10;188;13:22:55;185;13:29:26;181;13:34:48;177;13:42:58;175;13:47:02;180;13:48:33;172;13:53:23;179;13:54:48;158;13:57:15;
760217;11:41:55;11:41:58;11:43:59;13:39:10;164;11:49:16;171;11:51:19;166;11:53:30;167;11:55:56;169;11:57:45;162;12:02:29;173;12:09:06;174;12:11:51;178;12:22:48;168;12:26:08;186;12:31:51;188;12:37:54;181;12:44:36;184;12:48:38;182;12:54:37;183;13:01:55;185;13:15:24;177;13:22:07;175;13:26:34;180;13:28:16;172;13:34:13;179;13:35:26;158;13:38:11;
11676;0:00:00;12:57:08;12:58:40;14:02:43;179;13:07:17;190;13:11:17;156;13:12:44;180;13:16:45;175;13:21:49;154;13:26:15;172;13:29:07;189;13:33:22;191;13:37:24;171;13:43:45;166;13:48:45;192;13:51:43;169;13:55:35;193;14:01:11;
11676;0:00:00;12:57:08;12:58:40;14:02:43;179;13:07:17;190;13:11:17;156;13:12:44;180;13:16:45;175;13:21:49;154;13:26:15;172;13:29:07;189;13:33:22;191;13:37:24;171;13:43:45;166;13:48:45;192;13:51:43;169;13:55:35;193;14:01:11;
414469;0:00:00;12:18:10;12:19:59;14:03:15;164;12:22:58;171;12:24:43;166;12:26:44;167;12:32:46;169;12:34:09;162;12:44:17;173;12:50:24;174;12:52:40;178;12:58:58;168;13:01:00;186;13:05:40;188;13:10:56;181;13:17:00;184;13:20:47;182;13:25:46;183;13:30:12;185;13:42:06;177;13:49:14;175;13:53:00;180;13:54:35;172;13:59:27;179;14:00:20;158;14:02:30;
997855;13:07:14;13:10:00;13:12:37;14:03:39;191;13:15:13;171;13:17:36;166;13:19:35;167;13:21:49;169;13:23:41;170;13:27:42;162;13:29:47;189;13:32:08;190;13:35:20;175;13:42:22;168;13:49:03;178;13:50:53;177;13:52:14;180;13:56:15;172;13:59:44;179;14:00:41;158;14:02:44;
886726;12:24:05;12:25:03;12:27:00;14:04:09;164;12:30:33;166;12:35:38;167;12:37:59;169;12:39:51;170;12:47:54;162;12:50:16;173;12:58:52;174;13:04:47;178;13:12:02;168;13:14:55;186;13:19:38;188;13:27:19;185;13:35:01;181;13:40:44;177;13:49:28;175;13:53:38;180;13:55:31;172;13:59:42;179;14:00:58;158;14:03:22;
11905;0:00:00;12:50:47;12:52:58;14:04:12;191;12:56:43;171;12:59:50;166;13:02:29;167;13:04:52;169;13:06:46;170;13:10:31;162;13:13:18;189;13:17:10;190;13:21:18;175;13:28:02;168;13:38:02;178;13:42:38;177;13:46:55;180;13:52:14;172;13:59:48;179;14:01:11;158;14:03:26;
400410;0:00:00;12:27:14;12:30:02;14:06:25;164;12:34:16;171;12:35:51;166;12:37:41;167;12:39:29;169;12:41:13;162;12:45:08;173;12:50:14;174;12:52:19;178;12:59:55;168;13:01:54;186;13:07:05;188;13:12:04;181;13:18:24;184;13:22:03;182;13:26:55;183;13:32:30;185;13:46:38;177;13:52:50;175;13:56:26;180;13:57:56;172;14:01:38;179;14:03:08;158;14:05:31;
50935;0:00:00;13:09:46;13:13:39;14:06:28;179;13:18:57;190;13:22:42;156;13:24:03;180;13:28:10;175;13:34:07;154;13:37:45;172;13:40:06;189;13:43:45;191;13:49:42;171;13:52:58;166;13:55:37;192;13:57:46;169;14:01:57;193;14:05:48;
922922;12:24:35;12:24:38;12:27:00;14:06:48;164;12:29:39;171;12:31:15;166;12:33:10;167;12:34:55;169;12:36:39;162;12:41:35;173;12:48:11;174;12:50:25;178;12:57:07;168;12:59:31;186;13:03:02;188;13:09:11;181;13:15:57;184;13:19:45;182;13:25:05;183;13:30:28;185;13:44:28;177;13:51:38;175;13:55:12;180;13:56:42;172;14:02:33;179;14:03:38;158;14:05:49;
11424;0:00:00;12:45:06;12:45:58;14:05:20;151;12:51:08;174;12:57:24;163;13:02:26;165;13:09:17;194;13:16:33;159;13:28:53;154;13:39:13;155;13:48:08;156;13:53:12;190;13:58:10;158;14:03:14;
11426;0:00:00;12:25:11;12:27:56;14:07:56;151;12:42:50;174;12:51:39;163;12:58:42;165;13:04:45;194;13:15:06;159;13:34:36;154;13:44:37;155;13:55:58;156;13:58:29;190;14:01:06;158;14:05:21;
10898;0:00:00;13:08:24;13:09:55;14:09:57;191;13:12:17;171;13:14:52;166;13:16:54;167;13:19:51;169;13:21:33;170;13:25:42;162;13:27:57;189;13:30:35;190;13:33:52;175;13:40:53;168;13:49:01;178;13:50:54;177;13:51:57;180;13:55:14;172;14:01:53;179;14:07:00;158;14:09:09;
418620;0:00:00;12:38:29;12:40:57;14:10:01;179;12:45:36;190;13:00:05;156;13:02:30;180;13:13:06;175;13:16:05;154;13:30:38;172;13:34:48;189;13:40:10;191;13:45:32;171;13:51:57;166;13:55:43;192;13:58:25;169;14:03:05;193;14:09:18;
51017;0:00:00;12:29:11;12:30:59;14:11:20;164;12:34:12;166;12:47:41;167;12:50:08;169;12:52:26;170;12:55:49;162;12:57:49;173;13:05:36;174;13:08:38;178;13:17:36;168;13:19:48;186;13:25:34;188;13:33:13;185;13:40:02;181;13:49:19;177;13:56:06;175;14:00:18;180;14:02:16;172;14:06:46;179;14:07:59;158;14:10:26;
11402;0:00:00;11:45:17;11:47:59;14:13:09;190;12:09:18;156;12:11:41;180;12:28:28;175;12:32:54;154;12:40:01;172;12:57:28;189;13:06:20;191;13:13:29;166;13:38:23;192;13:44:36;169;13:50:54;193;14:11:29;
11489;0:00:00;12:38:35;12:41:00;14:12:06;164;12:43:49;171;12:45:42;166;12:47:36;167;12:50:17;169;12:52:38;162;12:57:35;173;13:04:05;174;13:06:06;178;13:11:33;168;13:13:20;186;13:17:14;188;13:22:23;181;13:27:49;184;13:31:40;182;13:36:02;183;13:40:49;185;13:50:36;177;13:56:03;175;14:00:11;180;14:02:04;172;14:07:32;179;14:09:25;158;14:11:20;
50625;0:00:00;12:26:16;12:28:58;14:14:10;191;12:43:52;171;12:47:16;166;12:52:55;167;12:56:15;169;12:59:02;170;13:05:39;162;13:10:39;189;13:14:14;190;13:22:10;175;13:35:29;168;13:46:31;178;13:49:50;177;13:52:55;180;13:59:39;172;14:07:13;179;14:09:10;158;14:13:10;
363998;0:00:00;13:24:55;13:25:31;14:08:05;179;13:28:09;190;13:30:20;156;13:31:39;180;13:35:45;175;13:37:38;154;13:40:03;172;13:42:29;189;13:45:37;191;13:52:14;171;13:55:49;166;13:57:56;192;13:59:45;169;14:02:56;193;14:07:33;
363998;0:00:00;13:24:55;13:25:31;14:08:05;179;13:28:09;190;13:30:20;156;13:31:39;180;13:35:45;175;13:37:38;154;13:40:03;172;13:42:29;189;13:45:37;191;13:52:14;171;13:55:49;166;13:57:56;192;13:59:45;169;14:02:56;193;14:07:33;
730073;12:54:04;12:57:32;12:58:55;14:15:07;164;13:01:03;171;13:02:36;166;13:03:56;167;13:05:27;169;13:06:48;162;13:10:44;173;13:15:55;174;13:17:44;178;13:22:26;168;13:24:15;186;13:27:05;188;13:32:53;181;13:38:37;184;13:41:51;182;13:46:03;183;13:50:11;185;14:00:42;177;14:05:21;175;14:08:07;180;14:09:13;172;14:11:48;179;14:12:39;158;14:14:24;
11412;0:00:00;12:21:13;12:21:59;13:58:08;164;12:25:18;166;12:30:09;167;12:32:23;169;12:34:16;170;12:38:17;162;12:41:22;173;12:48:45;174;12:51:11;178;12:59:13;168;13:02:14;186;13:06:58;188;13:13:46;185;13:21:51;181;13:28:23;177;13:36:42;175;13:41:20;180;13:45:14;172;13:52:00;179;13:54:50;158;13:57:22;
1006553;12:34:54;12:34:54;12:37:59;14:16:03;164;12:40:31;166;12:47:50;167;12:50:22;169;12:52:21;170;12:56:11;162;13:05:47;173;13:13:55;174;13:16:16;178;13:22:55;168;13:25:16;186;13:35:02;188;13:40:11;185;13:45:54;181;13:52:29;177;13:58:31;175;14:03:40;180;14:06:04;172;14:10:48;179;14:12:19;158;14:15:20;
10873;0:00:00;12:11:38;12:13:00;14:16:08;164;12:16:32;166;12:22:19;167;12:25:13;169;12:27:34;170;12:32:27;162;12:38:40;173;12:50:21;174;12:53:19;178;13:01:53;168;13:05:13;186;13:12:32;188;13:29:10;185;13:37:06;181;13:48:45;177;13:57:39;175;14:02:27;180;14:04:56;172;14:10:30;179;14:12:10;158;14:15:10;
11923;0:00:00;13:01:09;13:03:58;14:17:47;179;13:09:08;190;13:22:00;156;13:23:47;180;13:28:32;175;13:37:11;154;13:41:02;172;13:44:33;189;13:49:53;191;13:53:30;171;13:59:12;166;14:03:45;192;14:06:52;169;14:11:24;193;14:16:48;
424444;0:00:00;13:02:48;13:03:56;14:15:51;164;13:06:07;166;13:10:56;167;13:12:30;169;13:13:52;170;13:16:42;162;13:19:12;173;13:27:19;174;13:29:44;178;13:36:14;168;13:38:23;186;13:42:52;188;13:49:31;185;13:54:53;181;13:59:37;177;14:05:16;175;14:08:09;180;14:09:22;172;14:11:58;179;14:12:51;158;14:15:08;
220291;0:00:00;12:34:34;12:36:58;14:21:18;164;12:39:58;171;12:42:20;166;12:46:40;167;12:49:36;169;12:51:26;162;12:55:35;173;13:01:53;174;13:04:08;178;13:12:46;168;13:14:42;186;13:19:53;188;13:26:10;181;13:31:54;184;13:37:13;182;13:41:51;183;13:47:59;185;13:58:57;177;14:09:02;175;14:11:52;180;14:13:00;172;14:15:30;179;14:18:50;158;14:20:30;
10852;0:00:00;13:07:04;13:08:57;14:20:31;164;13:11:03;171;13:12:30;166;13:14:02;167;13:15:32;169;13:17:18;162;13:20:52;173;13:25:23;174;13:27:29;178;13:32:41;168;13:34:19;186;13:37:07;188;13:41:15;181;13:45:50;184;13:48:40;182;13:52:03;183;13:55:48;185;14:04:43;177;14:08:42;175;14:11:45;180;14:12:53;172;14:15:13;179;14:18:19;158;14:19:52;
1021063;12:31:29;12:31:29;12:32:58;14:21:42;164;12:39:18;171;12:41:39;166;12:44:34;167;12:47:27;169;12:49:15;162;12:54:41;173;13:02:24;174;13:04:55;178;13:11:35;168;13:13:33;186;13:17:33;188;13:23:24;181;13:30:06;184;13:34:01;182;13:39:29;183;13:46:12;185;14:00:17;177;14:06:39;175;14:10:14;180;14:11:58;172;14:15:27;179;14:18:28;158;14:20:41;
10818;0:00:00;13:12:35;13:14:52;14:21:23;191;13:18:00;171;13:21:06;166;13:23:35;167;13:25:58;169;13:28:11;170;13:33:58;162;13:36:54;189;13:39:47;190;13:43:38;175;13:50:47;168;13:59:30;178;14:01:33;177;14:03:00;180;14:08:38;172;14:15:16;179;14:17:55;158;14:20:23;
363789;0:00:00;12:52:58;12:54:57;14:22:42;191;12:57:38;171;13:00:24;166;13:02:53;167;13:05:56;169;13:07:54;170;13:13:07;162;13:16:15;189;13:19:14;190;13:23:42;175;13:44:31;168;14:00:00;178;14:03:52;177;14:06:00;180;14:12:03;172;14:17:14;179;14:18:46;158;14:21:39;
223535;0:00:00;12:40:27;12:42:56;14:25:25;164;12:46:18;166;12:51:19;167;12:57:08;169;12:59:27;170;13:03:25;162;13:06:01;173;13:14:18;174;13:16:43;178;13:24:24;168;13:27:16;186;13:33:40;188;13:40:20;185;13:47:55;181;13:53:37;177;14:02:02;175;14:06:36;180;14:08:40;172;14:18:21;179;14:21:30;158;14:24:20;
223535;0:00:00;12:40:27;12:42:56;14:25:25;164;12:46:18;166;12:51:19;167;12:57:08;169;12:59:27;170;13:03:25;162;13:06:01;173;13:14:18;174;13:16:43;178;13:24:24;168;13:27:16;186;13:33:40;188;13:40:20;185;13:47:55;181;13:53:37;177;14:02:02;175;14:06:36;180;14:08:40;172;14:18:21;179;14:21:30;158;14:24:20;
223535;0:00:00;12:40:27;12:42:56;14:25:25;164;12:46:18;166;12:51:19;167;12:57:08;169;12:59:27;170;13:03:25;162;13:06:01;173;13:14:18;174;13:16:43;178;13:24:24;168;13:27:16;186;13:33:40;188;13:40:20;185;13:47:55;181;13:53:37;177;14:02:02;175;14:06:36;180;14:08:40;172;14:18:21;179;14:21:30;158;14:24:20;
223535;0:00:00;12:40:27;12:42:56;14:25:25;164;12:46:18;166;12:51:19;167;12:57:08;169;12:59:27;170;13:03:25;162;13:06:01;173;13:14:18;174;13:16:43;178;13:24:24;168;13:27:16;186;13:33:40;188;13:40:20;185;13:47:55;181;13:53:37;177;14:02:02;175;14:06:36;180;14:08:40;172;14:18:21;179;14:21:30;158;14:24:20;
11977;0:00:00;12:49:46;12:50:56;14:27:11;179;13:07:09;190;13:08:58;156;13:10:19;180;13:16:41;175;13:21:23;154;13:32:19;172;13:34:42;189;13:45:45;191;13:52:21;171;13:55:38;166;13:59:17;192;14:10:32;169;14:21:56;193;14:26:33;
11921;0:00:00;13:08:38;13:11:37;14:28:17;179;13:15:37;190;13:19:10;156;13:21:03;180;13:37:31;175;13:40:03;154;13:43:50;172;13:47:08;189;13:51:12;191;13:56:46;171;14:02:56;166;14:08:06;192;14:10:15;169;14:22:07;193;14:27:23;
347637;0:00:00;12:48:28;12:48:39;14:32:17;164;12:51:28;166;12:56:26;167;12:59:39;169;13:02:02;170;13:07:21;162;13:09:59;173;13:18:09;174;13:21:38;178;13:30:59;168;13:34:05;186;13:41:19;188;13:48:38;185;13:59:12;181;14:06:12;177;14:15:20;175;14:20:06;180;14:22:47;172;14:27:17;179;14:28:48;158;14:31:17;
11950;0:00:00;13:05:55;13:07:14;14:27:32;191;13:12:04;171;13:16:38;166;13:20:26;167;13:25:03;169;13:28:18;170;13:33:20;162;13:37:02;189;13:40:39;190;13:46:47;175;13:57:25;168;14:06:32;178;14:08:53;177;14:10:22;180;14:15:35;172;14:21:28;179;14:23:17;158;14:26:27;
11962;0:00:00;13:02:27;13:04:59;14:32:41;191;13:08:33;171;13:12:00;166;13:15:24;167;13:18:26;169;13:21:02;170;13:25:20;162;13:32:02;189;13:34:42;190;13:42:34;175;13:50:21;168;13:58:35;178;14:02:28;177;14:04:20;180;14:22:32;172;14:27:44;179;14:29:14;158;14:31:47;
235526;0:00:00;12:59:38;13:01:46;14:26:30;191;13:05:06;171;13:09:09;166;13:11:37;167;13:14:28;169;13:17:21;170;13:27:47;162;13:30:32;189;13:33:09;190;13:38:16;175;13:49:58;168;13:58:26;178;14:08:45;177;14:10:27;180;14:15:37;172;14:21:00;179;14:22:35;158;14:25:33;
235526;0:00:00;12:59:38;13:01:46;14:26:30;191;13:05:06;171;13:09:09;166;13:11:37;167;13:14:28;169;13:17:21;170;13:27:47;162;13:30:32;189;13:33:09;190;13:38:16;175;13:49:58;168;13:58:26;178;14:08:45;177;14:10:27;180;14:15:37;172;14:21:00;179;14:22:35;158;14:25:33;
235497;0:00:00;13:17:54;13:19:11;14:31:29;164;13:22:42;171;13:24:02;166;13:25:37;167;13:26:53;169;13:28:13;162;13:31:45;173;13:36:30;174;13:38:05;178;13:42:20;168;13:44:11;186;13:47:48;188;13:52:22;181;13:57:26;184;14:00:18;182;14:04:38;183;14:08:51;185;14:18:31;177;14:22:59;175;14:25:09;180;14:26:06;172;14:28:36;179;14:29:28;158;14:30:53;
11935;0:00:00;12:42:39;12:44:16;14:36:53;189;12:57:01;174;13:06:33;163;13:12:01;165;13:19:15;185;13:22:24;185;13:23:52;194;13:41:25;159;14:01:59;159;14:02:26;154;14:07:47;153;14:08:51;180;14:15:29;155;14:18:15;156;14:22:16;190;14:30:04;158;14:34:08;
51049;0:00:00;12:22:18;12:25:02;14:38:59;164;12:28:41;166;12:36:52;167;12:40:00;169;12:42:11;170;12:56:28;162;12:59:37;173;13:11:27;174;13:15:45;178;13:24:53;168;13:27:55;186;13:34:04;188;13:42:09;185;13:51:46;181;13:59:33;177;14:13:21;175;14:20:40;180;14:22:45;172;14:28:43;179;14:32:48;158;14:36:57;
51009;0:00:00;13:09:36;13:09:56;13:28:50;150;13:10:49;152;13:12:25;153;13:13:02;154;13:14:08;159;13:17:56;160;13:20:08;161;13:21:42;155;13:22:47;156;13:24:36;157;13:26:02;158;13:27:50;
11916;0:00:00;12:51:21;12:51:58;14:40:29;179;13:02:46;190;13:09:03;156;13:12:41;180;13:18:44;175;13:23:26;154;13:30:57;172;13:39:16;189;13:47:08;191;13:53:04;171;14:08:17;166;14:19:58;192;14:24:26;169;14:30:30;193;14:39:08;
11903;0:00:00;13:06:37;13:07:00;14:46:25;151;13:27:38;174;13:34:51;163;13:39:52;165;13:47:38;194;13:58:46;159;14:16:35;159;14:16:44;154;14:26:38;155;14:34:46;155;14:35:05;156;14:38:24;190;14:40:25;158;14:44:29;
11903;0:00:00;13:06:37;13:07:00;14:46:25;151;13:27:38;174;13:34:51;163;13:39:52;165;13:47:38;194;13:58:46;159;14:16:35;159;14:16:44;154;14:26:38;155;14:34:46;155;14:35:05;156;14:38:24;190;14:40:25;158;14:44:29;
11469;0:00:00;13:34:33;13:34:46;14:47:07;191;13:43:02;171;13:46:18;166;13:49:03;167;13:52:04;169;13:54:18;170;13:59:36;162;14:02:11;189;14:04:56;190;14:09:18;175;14:16:16;168;14:25:31;178;14:28:09;177;14:30:05;180;14:35:44;172;14:41:35;179;14:43:20;158;14:46:15;
11469;0:00:00;13:34:33;13:34:46;14:47:07;191;13:43:02;171;13:46:18;166;13:49:03;167;13:52:04;169;13:54:18;170;13:59:36;162;14:02:11;189;14:04:56;190;14:09:18;175;14:16:16;168;14:25:31;178;14:28:09;177;14:30:05;180;14:35:44;172;14:41:35;179;14:43:20;158;14:46:15;
10803;0:00:00;12:47:19;12:49:57;14:46:11;164;12:54:37;171;12:57:12;166;12:59:43;167;13:02:18;169;13:04:10;162;13:09:05;173;13:16:39;174;13:20:03;178;13:28:29;168;13:31:22;186;13:36:49;188;13:42:02;181;13:49:08;184;13:54:50;182;14:00:27;183;14:07:27;185;14:19:07;177;14:26:32;175;14:31:06;180;14:33:17;172;14:38:50;179;14:42:52;158;14:45:18;
11935;0:00:00;12:42:39;12:44:16;14:36:53;189;12:57:01;174;13:06:33;163;13:12:01;165;13:19:15;185;13:22:24;185;13:23:52;194;13:41:25;159;14:01:59;159;14:02:26;154;14:07:47;153;14:08:51;180;14:15:29;155;14:18:15;156;14:22:16;190;14:30:04;158;14:34:08;
11935;0:00:00;12:42:39;12:44:16;14:36:53;189;12:57:01;174;13:06:33;163;13:12:01;165;13:19:15;185;13:22:24;185;13:23:52;194;13:41:25;159;14:01:59;159;14:02:26;154;14:07:47;153;14:08:51;180;14:15:29;155;14:18:15;156;14:22:16;190;14:30:04;158;14:34:08;
11972;0:00:00;13:20:26;13:21:38;0:00:00;179;13:32:00;190;13:38:31;156;13:40:25;180;13:45:35;175;13:54:19;154;13:57:38;172;14:07:03;189;14:11:42;191;14:18:04;
50877;0:00:00;13:21:22;13:21:45;14:57:33;191;13:24:59;171;13:29:05;166;13:34:16;167;13:38:20;169;13:40:29;170;13:57:08;162;14:05:35;189;14:08:29;190;14:14:14;175;14:22:04;168;14:31:38;178;14:35:48;177;14:37:57;180;14:44:12;172;14:50:31;179;14:52:57;158;14:56:29;
10841;0:00:00;13:22:59;13:24:14;14:56:50;191;13:27:17;164;13:28:15;166;13:33:00;167;13:36:50;169;13:38:53;170;13:47:02;162;13:49:29;173;13:56:34;174;13:59:51;178;14:06:33;168;14:08:58;186;14:14:21;188;14:21:39;185;14:28:38;181;14:34:30;177;14:41:57;175;14:46:09;180;14:47:51;172;14:52:40;179;14:53:50;158;14:55:58;
203186;0:00:00;12:53:16;12:53:58;15:00:54;164;12:56:36;171;13:01:56;166;13:03:59;167;13:05:45;169;13:07:08;162;13:11:23;173;13:20:57;174;13:24:41;178;13:32:53;168;13:34:52;186;13:41:33;188;13:46:45;181;13:56:05;184;14:00:21;182;14:05:17;183;14:10:51;185;14:29:09;177;14:35:36;175;14:39:40;180;14:41:03;172;14:54:24;179;14:57:31;158;15:00:05;
1006607;12:47:57;12:47:57;12:49:30;15:04:16;164;12:53:46;166;12:59:39;167;13:02:17;169;13:04:48;170;13:11:08;162;13:14:40;173;13:24:08;174;13:28:40;178;13:42:50;168;13:45:38;186;13:59:04;188;14:07:24;185;14:16:05;181;14:29:48;177;14:39:49;175;14:45:12;180;14:47:45;172;14:57:35;179;15:00:01;158;15:03:12;
11993;0:00:00;13:04:01;13:05:08;15:05:17;164;13:11:57;166;13:29:10;167;13:38:10;169;13:40:18;170;14:30:55;162;14:35:54;173;14:51:16;
11258;0:00:00;13:18:28;13:19:58;15:07:38;164;13:26:03;166;13:32:35;167;13:35:17;169;13:37:32;170;13:42:44;162;13:46:39;173;13:56:00;174;13:59:45;178;14:07:32;168;14:10:48;186;14:19:12;188;14:26:23;185;14:34:20;181;14:42:35;177;14:51:27;175;14:55:18;180;14:57:01;172;15:02:18;179;15:03:34;158;15:06:36;
220495;0:00:00;13:21:24;13:23:15;15:06:35;164;13:25:40;171;13:27:56;166;13:30:13;167;13:32:00;169;13:33:29;162;13:40:13;173;13:46:09;174;13:48:47;178;13:56:27;168;13:58:37;186;14:03:34;188;14:09:12;181;14:15:39;184;14:20:08;182;14:25:51;183;14:31:25;185;14:43:45;177;14:51:12;175;14:54:31;180;14:56:25;172;15:01:24;179;15:03:37;158;15:05:38;
220495;0:00:00;13:21:24;13:23:15;15:06:35;164;13:25:40;171;13:27:56;166;13:30:13;167;13:32:00;169;13:33:29;162;13:40:13;173;13:46:09;174;13:48:47;178;13:56:27;168;13:58:37;186;14:03:34;188;14:09:12;181;14:15:39;184;14:20:08;182;14:25:51;183;14:31:25;185;14:43:45;177;14:51:12;175;14:54:31;180;14:56:25;172;15:01:24;179;15:03:37;158;15:05:38;
10884;0:00:00;13:23:32;13:24:17;15:23:19;191;13:32:52;171;13:37:11;166;13:41:43;167;13:46:58;169;13:50:37;170;14:01:42;162;14:06:08;189;14:09:42;190;14:32:01;175;14:41:14;168;14:50:37;178;14:54:58;177;14:57:22;180;15:06:14;172;15:14:05;179;15:17:58;158;15:22:16;
51097;0:00:00;13:40:49;13:40:54;15:29:14;164;13:43:44;166;13:48:24;167;13:52:01;169;13:54:13;170;13:58:30;162;14:01:05;173;14:11:48;174;14:15:22;178;14:22:00;168;14:24:27;186;14:30:12;188;14:37:15;185;14:46:05;181;14:53:44;177;15:07:28;175;15:11:48;180;15:13:56;172;15:22:17;179;15:25:51;158;15:28:11;
331805;0:00:00;12:18:49;12:20:59;13:35:32;179;12:24:35;190;12:27:08;156;12:30:44;180;12:34:50;175;12:37:17;154;12:41:45;172;12:44:50;189;12:56:56;191;13:00:25;171;13:05:23;166;13:20:10;192;13:25:58;169;13:29:19;193;13:34:40;
11445;0:00:00;11:25:00;11:26:59;11:51:13;150;11:28:18;152;11:30:02;153;11:30:44;154;11:32:00;159;11:37:15;160;11:39:53;161;11:41:35;155;11:42:49;156;11:45:37;157;11:47:20;158;11:49:56;
50924;0:00:00;13:42:43;13:43:00;15:55:15;164;13:46:35;166;14:04:52;167;14:08:29;169;14:10:37;170;14:15:07;162;14:18:05;173;14:28:56;174;14:31:42;178;14:40:26;168;14:43:59;186;15:04:02;188;15:13:10;185;15:21:52;
11455;0:00:00;11:46:36;11:48:58;14:24:18;164;11:54:28;166;12:01:12;167;12:04:51;169;12:08:09;170;12:13:16;162;12:15:26;173;12:50:31;174;12:53:10;178;13:00:18;168;13:03:35;186;13:12:53;188;13:22:50;185;13:29:41;181;13:42:49;177;13:51:44;175;13:58:20;180;14:00:46;172;14:15:10;179;14:17:58;158;14:23:09;
